-- phpMyAdmin SQL Dump
-- version 4.7.4
-- https://www.phpmyadmin.net/
--
-- Host: 127.0.0.1
-- Generation Time: Mar 27, 2018 at 10:57 PM
-- Server version: 10.1.28-MariaDB
-- PHP Version: 5.6.32

SET SQL_MODE = "NO_AUTO_VALUE_ON_ZERO";
SET AUTOCOMMIT = 0;
START TRANSACTION;
SET time_zone = "+00:00";


/*!40101 SET @OLD_CHARACTER_SET_CLIENT=@@CHARACTER_SET_CLIENT */;
/*!40101 SET @OLD_CHARACTER_SET_RESULTS=@@CHARACTER_SET_RESULTS */;
/*!40101 SET @OLD_COLLATION_CONNECTION=@@COLLATION_CONNECTION */;
/*!40101 SET NAMES utf8mb4 */;

--
-- Database: `laravel_simple_pos`
--

-- --------------------------------------------------------

--
-- Table structure for table `lsp_activities`
--

CREATE TABLE `lsp_activities` (
  `id` int(10) UNSIGNED NOT NULL,
  `activity_type` varchar(191) COLLATE utf8mb4_unicode_ci NOT NULL,
  `activity` text COLLATE utf8mb4_unicode_ci NOT NULL,
  `store_id` int(11) NOT NULL,
  `created_by` int(11) NOT NULL,
  `updated_by` int(11) NOT NULL,
  `created_at` timestamp NULL DEFAULT NULL,
  `updated_at` timestamp NULL DEFAULT NULL,
  `deleted_at` timestamp NULL DEFAULT NULL
) ENGINE=InnoDB DEFAULT CHARSET=utf8mb4 COLLATE=utf8mb4_unicode_ci;

-- --------------------------------------------------------

--
-- Table structure for table `lsp_customers`
--

CREATE TABLE `lsp_customers` (
  `id` int(10) UNSIGNED NOT NULL,
  `name` varchar(191) COLLATE utf8mb4_unicode_ci NOT NULL,
  `address` text COLLATE utf8mb4_unicode_ci NOT NULL,
  `phone` varchar(191) COLLATE utf8mb4_unicode_ci NOT NULL,
  `email` varchar(191) COLLATE utf8mb4_unicode_ci NOT NULL,
  `last_invoice_no` int(11) NOT NULL,
  `store_id` int(11) NOT NULL,
  `created_by` int(11) NOT NULL,
  `updated_by` int(11) NOT NULL,
  `created_at` timestamp NULL DEFAULT NULL,
  `updated_at` timestamp NULL DEFAULT NULL,
  `deleted_at` timestamp NULL DEFAULT NULL
) ENGINE=InnoDB DEFAULT CHARSET=utf8mb4 COLLATE=utf8mb4_unicode_ci;

--
-- Dumping data for table `lsp_customers`
--

INSERT INTO `lsp_customers` (`id`, `name`, `address`, `phone`, `email`, `last_invoice_no`, `store_id`, `created_by`, `updated_by`, `created_at`, `updated_at`, `deleted_at`) VALUES
(1, 'Rakib', '', '', '', 0, 0, 0, 0, '2018-02-14 13:33:32', '2018-02-14 13:33:32', NULL),
(2, 'Brand Custom-S', 'Brand Custom-S', 'Brand Custom-S', 'Brand Custom-S', 0, 0, 0, 0, '2018-02-14 13:39:26', '2018-02-14 13:39:26', NULL),
(3, 'Brand Custom-S', 'asdas', '01860748020', 'f.bhuyian@gmail.com', 0, 0, 0, 0, '2018-02-14 13:42:17', '2018-02-14 13:42:17', NULL),
(4, 'Fahad Bhuyian', 'asdas', '01860748020', 'mdmahamodurzaman@gmail.com', 0, 13, 1, 1, '2018-02-14 14:05:02', '2018-02-14 15:57:29', '2018-02-14 15:57:29'),
(5, 'Brand Custom-S', 'asdas', '01860748020', 'fakhrul@gmail.com', 1521846193, 13, 1, 1, '2018-02-14 14:32:57', '2018-03-23 17:03:13', NULL),
(6, 'Wireless Geeks', '15011 E. 8 Mile Rd', '5863334005', 'na@na', 1521759827, 13, 1, 0, '2018-02-15 14:26:49', '2018-03-22 17:03:47', NULL),
(7, 'Wireless Geeks', '15011 E. 8 Mile Rd', '5863334405', 'quote@geekbuyback.com', 1521494094, 13, 1, 0, '2018-02-15 14:27:38', '2018-03-19 15:17:35', NULL),
(8, 'iGeek Eastpointe', '15011 E. 8 Mile Rd', '111111111', 'sales@igeekrepaircenter.com', 1521566130, 13, 1, 0, '2018-02-15 14:29:49', '2018-03-20 11:27:09', NULL),
(9, 'Rami Sprint', '29920 Southfield Rd.', '2485359679', 'pcs727@mypcsexperts.com', 1521756122, 13, 1, 0, '2018-02-15 14:31:22', '2018-03-22 16:23:29', NULL),
(10, 'iGeek Southfield', '28935 Southfield Rd.', '5867468101', 'none@none.com', 1520279304, 13, 1, 0, '2018-02-15 14:32:16', '2018-03-05 13:48:24', NULL),
(11, 'iGeek Toledo', '123 Street', '11111', 'Na@Na.com', 0, 13, 1, 0, '2018-02-15 14:34:17', '2018-02-15 14:34:17', NULL),
(12, 'Marlon B. JR', '16810 Steel St. Detroit, Mi 48235', '2485250011', 'itechheroesllc@gmail.com', 0, 13, 1, 0, '2018-02-15 14:35:36', '2018-02-15 14:35:36', NULL),
(13, 'Eddie Abro', '7 Van Dyke', '2485613838', 'metropcs@gmail.com', 1520278896, 13, 1, 0, '2018-02-15 15:23:43', '2018-03-05 13:41:37', NULL),
(14, 'Marcella Zoma', '123 Street', '11111111', 'Na@Na', 0, 13, 1, 0, '2018-02-15 15:29:16', '2018-02-15 15:29:16', NULL),
(15, 'Mazba', '123 Street', '111111111', 'Na@na', 1520278925, 13, 1, 0, '2018-02-15 15:30:04', '2018-03-05 13:42:05', NULL),
(16, 'Platinum Wireless', '13 and hoover', '1111', 'na@na', 0, 13, 1, 0, '2018-02-15 15:31:02', '2018-02-15 15:31:02', NULL),
(17, 'Platinum Wireless', 'na', '111111', 'Na@Na', 0, 13, 1, 0, '2018-02-15 15:32:03', '2018-02-15 15:32:03', NULL),
(18, 'Laith Metro PCS', '8000 w outer dr', '5867473930', 'Laith@na.com', 1520263716, 13, 1, 0, '2018-02-15 15:33:00', '2018-03-05 09:28:36', NULL),
(19, 'Brian Phone Resque', 'Na', '11111', 'na@na', 0, 13, 1, 0, '2018-02-15 15:34:11', '2018-02-15 15:34:11', NULL),
(20, 'Mazba', 'Na', '23454345345', 'na@na', 0, 13, 1, 0, '2018-02-15 15:35:25', '2018-02-15 15:35:25', NULL),
(21, 'Geek BuyBack', '1820 E 11 Mile Rd', '2488407003', 'quote@geekbuyback.com', 0, 13, 1, 0, '2018-02-15 15:36:45', '2018-02-15 15:36:45', NULL),
(22, 'Geek BuyBack', 'Na', '1111111', 'na@na', 0, 13, 1, 0, '2018-02-15 15:37:50', '2018-02-15 15:37:50', NULL),
(23, 'Laith Metro-PCS', '8000 w outer dr', '2484167746', 'metropcs@gmail.com', 0, 13, 1, 0, '2018-02-15 15:38:50', '2018-02-15 15:38:50', NULL),
(24, 'Brand Custom-S', 'asdas', '01860748020', 'f.bhuyian@gmail.com', 0, 13, 1, 0, '2018-03-03 13:09:34', '2018-03-03 13:09:52', '2018-03-03 13:09:52'),
(25, 'simpleretailpos', 'asdas', '01860748020', 'mdmahamodurzaman@gmail.com', 0, 13, 1, 0, '2018-03-04 15:20:39', '2018-03-04 15:20:39', NULL),
(26, 'simpleretailpo1s', 'asdas', '01860748020', 'fahad@gmail.com', 0, 13, 1, 0, '2018-03-05 14:42:35', '2018-03-05 14:42:35', NULL);

-- --------------------------------------------------------

--
-- Table structure for table `lsp_invoices`
--

CREATE TABLE `lsp_invoices` (
  `id` int(10) UNSIGNED NOT NULL,
  `invoice_id` int(11) NOT NULL,
  `customer_id` int(11) NOT NULL,
  `tender_id` int(11) NOT NULL,
  `tax_rate` float(10,2) NOT NULL DEFAULT '0.00',
  `total_tax` float(10,2) NOT NULL DEFAULT '0.00',
  `total_amount` float(10,2) NOT NULL,
  `discount_type` int(1) NOT NULL DEFAULT '0',
  `sales_discount` float(10,2) NOT NULL,
  `discount_total` float(10,2) NOT NULL,
  `total_cost` float(10,2) NOT NULL,
  `total_profit` float(10,2) NOT NULL,
  `store_id` int(11) NOT NULL,
  `created_by` int(11) NOT NULL,
  `updated_by` int(11) NOT NULL,
  `created_at` timestamp NULL DEFAULT NULL,
  `updated_at` timestamp NULL DEFAULT NULL,
  `deleted_at` timestamp NULL DEFAULT NULL
) ENGINE=InnoDB DEFAULT CHARSET=utf8mb4 COLLATE=utf8mb4_unicode_ci;

--
-- Dumping data for table `lsp_invoices`
--

INSERT INTO `lsp_invoices` (`id`, `invoice_id`, `customer_id`, `tender_id`, `tax_rate`, `total_tax`, `total_amount`, `discount_type`, `sales_discount`, `discount_total`, `total_cost`, `total_profit`, `store_id`, `created_by`, `updated_by`, `created_at`, `updated_at`, `deleted_at`) VALUES
(1, 1520032834, 9, 6, 0.00, 0.00, 68.00, 0, 0.00, 0.00, 46.50, 21.50, 13, 1, 1, '2018-03-02 17:20:34', '2018-03-03 12:44:31', '2018-03-03 12:44:31'),
(2, 1520033838, 5, 5, 0.00, 0.00, 9.76, 0, 0.00, 0.00, 8.00, 1.76, 13, 1, 0, '2018-03-02 17:37:18', '2018-03-03 12:44:33', '2018-03-03 12:44:33'),
(3, 1520097022, 6, 6, 0.00, 0.00, 200.00, 0, 0.00, 0.00, 100.00, 100.00, 13, 1, 1, '2018-03-03 11:10:22', '2018-03-03 11:12:31', '2018-03-03 11:12:31'),
(4, 1520100588, 7, 6, 0.00, 0.00, 200.00, 0, 0.00, 0.00, 100.00, 100.00, 13, 1, 0, '2018-03-03 12:09:48', '2018-03-03 12:44:35', '2018-03-03 12:44:35'),
(5, 1520100695, 7, 6, 0.00, 0.00, 200.00, 0, 0.00, 0.00, 100.00, 100.00, 13, 1, 0, '2018-03-03 12:11:35', '2018-03-03 12:44:38', '2018-03-03 12:44:38'),
(6, 1520100742, 7, 6, 0.00, 0.00, 200.00, 0, 0.00, 0.00, 100.00, 100.00, 13, 1, 0, '2018-03-03 12:12:22', '2018-03-03 12:44:40', '2018-03-03 12:44:40'),
(7, 1520100765, 7, 6, 0.00, 0.00, 200.00, 0, 0.00, 0.00, 100.00, 100.00, 13, 1, 0, '2018-03-03 12:12:45', '2018-03-03 12:43:09', '2018-03-03 12:43:09'),
(8, 1520100935, 10, 6, 0.00, 0.00, 300.00, 0, 0.00, 0.00, 150.00, 150.00, 13, 1, 0, '2018-03-03 12:15:35', '2018-03-03 12:42:15', '2018-03-03 12:42:15'),
(9, 1520106771, 6, 4, 0.00, 0.00, 38.00, 0, 0.00, 0.00, 33.00, 5.00, 13, 1, 1, '2018-03-03 13:52:51', '2018-03-03 14:55:56', NULL),
(10, 1520110590, 7, 5, 0.00, 0.00, 15.00, 0, 0.00, 0.00, 11.25, 3.75, 13, 1, 0, '2018-03-03 14:56:30', '2018-03-03 14:56:30', NULL),
(11, 1520110610, 5, 6, 0.00, 0.00, 15.00, 0, 0.00, 0.00, 11.25, 3.75, 13, 1, 0, '2018-03-03 14:56:50', '2018-03-03 14:56:50', NULL),
(12, 1520111396, 6, 6, 0.00, 0.00, 1.22, 0, 0.00, 0.00, 1.00, 0.22, 13, 1, 0, '2018-03-03 15:09:57', '2018-03-03 15:09:57', NULL),
(13, 1520193239, 13, 6, 0.00, 0.00, 19.00, 0, 0.00, 0.00, 12.00, 7.00, 13, 1, 0, '2018-03-04 13:53:59', '2018-03-04 13:53:59', NULL),
(14, 1520195841, 8, 6, 0.00, 0.00, 15.00, 0, 0.00, 0.00, 11.25, 3.75, 13, 1, 0, '2018-03-04 14:37:21', '2018-03-04 14:37:21', NULL),
(15, 1520195926, 8, 6, 0.00, 0.00, 15.00, 0, 0.00, 0.00, 11.25, 3.75, 13, 1, 0, '2018-03-04 14:38:46', '2018-03-04 14:38:46', NULL),
(16, 1520196081, 8, 6, 0.00, 0.00, 15.00, 0, 0.00, 0.00, 11.25, 3.75, 13, 1, 0, '2018-03-04 14:41:21', '2018-03-04 14:41:21', NULL),
(17, 1520196254, 8, 6, 0.00, 0.00, 15.00, 0, 0.00, 0.00, 11.25, 3.75, 13, 1, 0, '2018-03-04 14:44:14', '2018-03-04 14:44:14', NULL),
(18, 1520196360, 8, 6, 0.00, 0.00, 15.00, 0, 0.00, 0.00, 11.25, 3.75, 13, 1, 0, '2018-03-04 14:46:00', '2018-03-04 14:46:00', NULL),
(19, 1520196477, 8, 6, 0.00, 0.00, 15.00, 0, 0.00, 0.00, 11.25, 3.75, 13, 1, 0, '2018-03-04 14:47:57', '2018-03-04 14:47:57', NULL),
(20, 1520196670, 8, 6, 0.00, 0.00, 15.00, 0, 0.00, 0.00, 11.25, 3.75, 13, 1, 0, '2018-03-04 14:51:10', '2018-03-04 14:51:10', NULL),
(21, 1520196981, 8, 6, 0.00, 0.00, 15.00, 0, 0.00, 0.00, 11.25, 3.75, 13, 1, 0, '2018-03-04 14:56:22', '2018-03-04 14:56:22', NULL),
(22, 1520197040, 8, 6, 0.00, 0.00, 1.22, 0, 0.00, 0.00, 1.00, 0.22, 13, 1, 0, '2018-03-04 14:57:20', '2018-03-04 14:57:20', NULL),
(23, 1520197136, 10, 6, 0.00, 0.00, 100.00, 0, 0.00, 0.00, 50.00, 50.00, 13, 1, 0, '2018-03-04 14:58:57', '2018-03-04 14:58:57', NULL),
(24, 1520197790, 10, 6, 0.00, 0.00, 19.00, 0, 0.00, 0.00, 12.00, 7.00, 13, 1, 0, '2018-03-04 15:09:50', '2018-03-04 15:09:50', NULL),
(25, 1520263465, 13, 6, 0.00, 0.00, 15.00, 0, 0.00, 0.00, 11.25, 3.75, 13, 1, 0, '2018-03-05 09:24:26', '2018-03-05 09:24:26', NULL),
(26, 1520263716, 18, 6, 0.00, 0.00, 1.22, 0, 0.00, 0.00, 1.00, 0.22, 13, 1, 0, '2018-03-05 09:28:36', '2018-03-05 09:28:36', NULL),
(27, 1520277669, 13, 6, 0.00, 0.00, 1.22, 0, 0.00, 0.00, 1.00, 0.22, 13, 1, 0, '2018-03-05 13:21:10', '2018-03-05 13:21:10', NULL),
(28, 1520277721, 13, 6, 0.00, 0.00, 1.22, 0, 0.00, 0.00, 1.00, 0.22, 13, 1, 0, '2018-03-05 13:22:01', '2018-03-05 13:22:01', NULL),
(29, 1520278896, 13, 6, 0.00, 0.00, 1.22, 0, 0.00, 0.00, 1.00, 0.22, 13, 1, 0, '2018-03-05 13:41:36', '2018-03-05 13:41:36', NULL),
(30, 1520278925, 15, 6, 0.00, 0.00, 200.00, 0, 0.00, 0.00, 100.00, 100.00, 13, 1, 1, '2018-03-05 13:42:05', '2018-03-05 13:44:05', '2018-03-05 13:44:05'),
(31, 1520279304, 10, 6, 0.00, 0.00, 45.00, 0, 0.00, 0.00, 33.75, 11.25, 13, 1, 0, '2018-03-05 13:48:24', '2018-03-05 13:48:24', NULL),
(32, 1521483238, 7, 6, 0.00, 0.00, 158.00, 0, 0.00, 0.00, 138.00, 20.00, 13, 1, 0, '2018-03-19 12:13:59', '2018-03-19 12:13:59', NULL),
(33, 1521483651, 7, 6, 0.00, 0.00, 158.00, 0, 0.00, 0.00, 138.00, 20.00, 13, 1, 0, '2018-03-19 12:20:53', '2018-03-19 12:20:53', NULL),
(34, 1521483704, 7, 6, 0.00, 0.00, 158.00, 0, 0.00, 0.00, 138.00, 20.00, 13, 1, 0, '2018-03-19 12:21:45', '2018-03-19 12:21:45', NULL),
(35, 1521483752, 7, 6, 0.00, 0.00, 158.00, 0, 0.00, 0.00, 138.00, 20.00, 13, 1, 0, '2018-03-19 12:22:34', '2018-03-19 12:22:34', NULL),
(36, 1521483800, 7, 6, 0.00, 0.00, 158.00, 0, 0.00, 0.00, 138.00, 20.00, 13, 1, 0, '2018-03-19 12:23:21', '2018-03-19 12:23:21', NULL),
(37, 1521484527, 7, 6, 0.00, 4.08, 162.08, 0, 0.00, 0.00, 138.00, 20.00, 13, 1, 0, '2018-03-19 12:35:28', '2018-03-19 12:35:28', NULL),
(38, 1521485131, 7, 6, 0.00, 4.08, 162.74, 0, 0.00, 0.00, 138.00, 20.00, 13, 1, 0, '2018-03-19 12:45:32', '2018-03-19 12:45:32', NULL),
(39, 1521485168, 7, 6, 0.00, 4.74, 162.74, 0, 0.00, 0.00, 138.00, 20.00, 13, 1, 0, '2018-03-19 12:46:09', '2018-03-19 12:46:09', NULL),
(40, 1521485361, 7, 6, 0.00, 4.74, 162.74, 0, 0.00, 0.00, 138.00, 20.00, 13, 1, 0, '2018-03-19 12:49:23', '2018-03-19 12:49:23', NULL),
(41, 1521487602, 7, 6, 0.00, 4.74, 162.74, 0, 0.00, 0.00, 138.00, 20.00, 13, 1, 0, '2018-03-19 13:26:43', '2018-03-19 13:26:43', NULL),
(42, 1521487925, 7, 6, 0.00, 4.74, 162.74, 0, 0.00, 0.00, 138.00, 20.00, 13, 1, 0, '2018-03-19 13:32:07', '2018-03-19 13:32:07', NULL),
(43, 1521488142, 7, 6, 0.00, 4.74, 162.74, 0, 0.00, 0.00, 138.00, 20.00, 13, 1, 0, '2018-03-19 13:35:43', '2018-03-19 13:35:43', NULL),
(44, 1521488164, 7, 6, 0.00, 4.74, 162.74, 0, 0.00, 0.00, 138.00, 20.00, 13, 1, 0, '2018-03-19 13:36:05', '2018-03-19 13:36:05', NULL),
(45, 1521488285, 7, 6, 0.00, 4.74, 162.74, 0, 0.00, 0.00, 138.00, 20.00, 13, 1, 0, '2018-03-19 13:38:06', '2018-03-19 13:38:06', NULL),
(46, 1521488357, 7, 6, 0.00, 4.74, 162.74, 0, 0.00, 0.00, 138.00, 20.00, 13, 1, 0, '2018-03-19 13:39:18', '2018-03-19 13:39:18', NULL),
(47, 1521488527, 7, 6, 0.00, 4.74, 162.74, 0, 0.00, 0.00, 138.00, 20.00, 13, 1, 0, '2018-03-19 13:42:08', '2018-03-19 13:42:08', NULL),
(48, 1521488551, 7, 6, 0.00, 4.74, 162.74, 0, 0.00, 0.00, 138.00, 20.00, 13, 1, 0, '2018-03-19 13:42:32', '2018-03-19 13:42:32', NULL),
(49, 1521489171, 7, 6, 0.00, 4.74, 162.74, 0, 0.00, 0.00, 138.00, 20.00, 13, 1, 0, '2018-03-19 13:52:53', '2018-03-19 13:52:53', NULL),
(50, 1521489281, 7, 6, 0.00, 4.74, 162.74, 0, 0.00, 0.00, 138.00, 20.00, 13, 1, 0, '2018-03-19 13:54:42', '2018-03-19 13:54:42', NULL),
(51, 1521490160, 7, 6, 0.00, 6.07, 208.51, 0, 0.00, 0.00, 102.00, 100.44, 13, 1, 0, '2018-03-19 15:13:24', '2018-03-19 15:13:24', NULL),
(52, 1521490160, 7, 6, 0.00, 6.07, 208.51, 0, 0.00, 0.00, 102.00, 100.44, 13, 1, 0, '2018-03-19 15:13:33', '2018-03-19 15:13:33', NULL),
(53, 1521490160, 7, 6, 0.00, 6.07, 208.51, 0, 0.00, 0.00, 102.00, 100.44, 13, 1, 0, '2018-03-19 15:14:03', '2018-03-19 15:14:03', NULL),
(54, 1521494043, 5, 6, 0.00, 1.68, 57.68, 0, 0.00, 0.00, 56.00, 0.00, 13, 1, 0, '2018-03-19 15:14:54', '2018-03-19 15:14:54', NULL),
(55, 1521494094, 7, 6, 0.00, 43.41, 1490.51, 0, 0.00, 0.00, 1144.50, 302.60, 13, 1, 0, '2018-03-19 15:17:35', '2018-03-19 15:17:35', NULL),
(56, 1521566125, 8, 6, 0.00, 3.21, 110.21, 0, 0.00, 0.00, 107.00, 0.00, 13, 1, 0, '2018-03-20 11:15:29', '2018-03-20 11:15:29', NULL),
(57, 1521566130, 8, 6, 3.00, 11.37, 390.37, 0, 0.00, 0.00, 349.00, 30.00, 13, 1, 0, '2018-03-20 11:27:09', '2018-03-20 11:27:09', NULL),
(58, 1521752981, 6, 6, 3.00, 5.22, 179.07, 2, 5.00, 9.15, 183.00, 0.00, 13, 1, 0, '2018-03-22 16:02:01', '2018-03-22 16:02:01', NULL),
(59, 1521756122, 9, 6, 3.00, 2.88, 94.08, 2, 5.00, 4.80, 81.00, 15.00, 13, 1, 1, '2018-03-22 16:23:29', '2018-03-23 12:19:26', NULL),
(60, 1521757410, 5, 6, 3.00, 4.22, 144.82, 2, 5.00, 7.40, 148.00, 0.00, 13, 1, 0, '2018-03-22 16:25:42', '2018-03-22 16:25:42', NULL),
(61, 1521759827, 6, 6, 0.00, 0.00, 38.00, 0, 0.00, 0.00, 24.00, 14.00, 13, 1, 0, '2018-03-22 17:03:47', '2018-03-22 17:03:47', NULL),
(62, 1521846193, 5, 6, 3.00, 4.44, 145.04, 2, 5.00, 7.40, 148.00, 0.00, 13, 1, 0, '2018-03-23 17:03:13', '2018-03-23 17:03:13', NULL);

-- --------------------------------------------------------

--
-- Table structure for table `lsp_invoice_payments`
--

CREATE TABLE `lsp_invoice_payments` (
  `id` int(10) UNSIGNED NOT NULL,
  `invoice_id` int(11) NOT NULL,
  `customer_id` int(11) NOT NULL,
  `customer_name` text COLLATE utf8mb4_unicode_ci,
  `tender_id` int(11) NOT NULL,
  `tender_name` varchar(100) COLLATE utf8mb4_unicode_ci DEFAULT NULL,
  `total_amount` double(8,2) NOT NULL,
  `paid_amount` double(8,2) NOT NULL,
  `store_id` int(11) NOT NULL,
  `created_by` int(11) NOT NULL,
  `updated_by` int(11) NOT NULL,
  `created_at` timestamp NULL DEFAULT NULL,
  `updated_at` timestamp NULL DEFAULT NULL,
  `deleted_at` timestamp NULL DEFAULT NULL
) ENGINE=InnoDB DEFAULT CHARSET=utf8mb4 COLLATE=utf8mb4_unicode_ci;

--
-- Dumping data for table `lsp_invoice_payments`
--

INSERT INTO `lsp_invoice_payments` (`id`, `invoice_id`, `customer_id`, `customer_name`, `tender_id`, `tender_name`, `total_amount`, `paid_amount`, `store_id`, `created_by`, `updated_by`, `created_at`, `updated_at`, `deleted_at`) VALUES
(1, 1521566131, 8, NULL, 6, NULL, 110.21, 110.21, 13, 1, 0, '2018-03-20 11:15:29', '2018-03-20 11:15:29', NULL),
(2, 1521566130, 8, NULL, 6, NULL, 390.37, 390.37, 13, 1, 0, '2018-03-20 11:27:09', '2018-03-20 11:27:09', NULL),
(3, 1521752981, 6, NULL, 6, NULL, 179.07, 179.34, 13, 1, 0, '2018-03-22 16:02:01', '2018-03-22 16:02:01', NULL),
(4, 1521756122, 9, NULL, 6, NULL, 93.94, 94.08, 13, 1, 0, '2018-03-22 16:23:29', '2018-03-22 16:23:29', NULL),
(5, 1521757410, 5, NULL, 6, NULL, 144.82, 145.04, 13, 1, 0, '2018-03-22 16:25:42', '2018-03-22 16:25:42', NULL),
(6, 1521846193, 5, 'Brand Custom-S', 6, 'Cash', 145.04, 145.04, 13, 1, 0, '2018-03-23 17:03:13', '2018-03-23 17:03:13', NULL);

-- --------------------------------------------------------

--
-- Table structure for table `lsp_invoice_products`
--

CREATE TABLE `lsp_invoice_products` (
  `id` int(10) UNSIGNED NOT NULL,
  `invoice_id` int(11) NOT NULL,
  `product_id` int(11) NOT NULL,
  `quantity` int(11) NOT NULL,
  `price` double(8,2) NOT NULL,
  `cost` double(8,2) NOT NULL,
  `tax_percent` double(8,2) NOT NULL,
  `tax_amount` double(8,2) NOT NULL,
  `discount_percent` double(8,2) NOT NULL,
  `discount_amount` double(8,2) NOT NULL,
  `cupon_amount` double(8,2) NOT NULL,
  `total_price` double(8,2) NOT NULL,
  `total_cost` double(8,2) NOT NULL,
  `store_id` int(11) NOT NULL,
  `created_by` int(11) NOT NULL,
  `updated_by` int(11) NOT NULL,
  `created_at` timestamp NULL DEFAULT NULL,
  `updated_at` timestamp NULL DEFAULT NULL,
  `deleted_at` timestamp NULL DEFAULT NULL
) ENGINE=InnoDB DEFAULT CHARSET=utf8mb4 COLLATE=utf8mb4_unicode_ci;

--
-- Dumping data for table `lsp_invoice_products`
--

INSERT INTO `lsp_invoice_products` (`id`, `invoice_id`, `product_id`, `quantity`, `price`, `cost`, `tax_percent`, `tax_amount`, `discount_percent`, `discount_amount`, `cupon_amount`, `total_price`, `total_cost`, `store_id`, `created_by`, `updated_by`, `created_at`, `updated_at`, `deleted_at`) VALUES
(1, 1518802273, 22, 4, 14.00, 9.00, 0.00, 0.00, 0.00, 0.00, 0.00, 56.00, 36.00, 13, 1, 0, '2018-02-16 11:31:13', '2018-02-16 12:51:18', '2018-02-16 12:51:18'),
(2, 1518802273, 28, 4, 47.00, 42.00, 0.00, 0.00, 0.00, 0.00, 0.00, 188.00, 168.00, 13, 1, 0, '2018-02-16 11:31:13', '2018-02-16 12:51:18', '2018-02-16 12:51:18'),
(3, 1518802273, 25, 4, 45.00, 40.00, 0.00, 0.00, 0.00, 0.00, 0.00, 180.00, 160.00, 13, 1, 0, '2018-02-16 11:31:13', '2018-02-16 12:51:18', '2018-02-16 12:51:18'),
(4, 1518806346, 8, 1, 14.00, 9.00, 0.00, 0.00, 0.00, 0.00, 0.00, 14.00, 9.00, 13, 1, 0, '2018-02-16 12:39:06', '2018-02-16 12:51:37', '2018-02-16 12:51:37'),
(5, 1518806346, 15, 1, 22.00, 22.00, 0.00, 0.00, 0.00, 0.00, 0.00, 22.00, 22.00, 13, 1, 0, '2018-02-16 12:39:06', '2018-02-16 12:51:37', '2018-02-16 12:51:37'),
(6, 1518806346, 27, 1, 47.00, 42.00, 0.00, 0.00, 0.00, 0.00, 0.00, 47.00, 42.00, 13, 1, 0, '2018-02-16 12:39:06', '2018-02-16 12:51:37', '2018-02-16 12:51:37'),
(7, 1518806346, 27, 1, 47.00, 42.00, 0.00, 0.00, 0.00, 0.00, 0.00, 47.00, 42.00, 13, 1, 0, '2018-02-16 12:39:06', '2018-02-16 12:51:37', '2018-02-16 12:51:37'),
(8, 1518807226, 7, 1, 12.00, 10.00, 0.00, 0.00, 0.00, 0.00, 0.00, 12.00, 10.00, 13, 1, 0, '2018-02-16 12:53:46', '2018-02-16 16:11:44', '2018-02-16 16:11:44'),
(9, 1518807226, 6, 1, 15.00, 11.25, 0.00, 0.00, 0.00, 0.00, 0.00, 15.00, 11.25, 13, 1, 0, '2018-02-16 12:53:47', '2018-02-16 16:11:44', '2018-02-16 16:11:44'),
(10, 1518807226, 12, 1, 19.00, 12.00, 0.00, 0.00, 0.00, 0.00, 0.00, 19.00, 12.00, 13, 1, 0, '2018-02-16 12:53:47', '2018-02-16 16:11:44', '2018-02-16 16:11:44'),
(11, 1518807226, 7, 1, 12.00, 10.00, 0.00, 0.00, 0.00, 0.00, 0.00, 12.00, 10.00, 13, 1, 0, '2018-02-16 16:11:44', '2018-02-16 16:13:54', '2018-02-16 16:13:54'),
(12, 1518807226, 6, 1, 15.00, 11.25, 0.00, 0.00, 0.00, 0.00, 0.00, 15.00, 11.25, 13, 1, 0, '2018-02-16 16:11:44', '2018-02-16 16:13:54', '2018-02-16 16:13:54'),
(13, 1518807226, 12, 1, 19.00, 12.00, 0.00, 0.00, 0.00, 0.00, 0.00, 19.00, 12.00, 13, 1, 0, '2018-02-16 16:11:44', '2018-02-16 16:13:54', '2018-02-16 16:13:54'),
(14, 1518807226, 7, 1, 12.00, 10.00, 0.00, 0.00, 0.00, 0.00, 0.00, 12.00, 10.00, 13, 1, 0, '2018-02-16 16:13:54', '2018-03-01 13:59:58', '2018-03-01 13:59:58'),
(15, 1518807226, 6, 1, 15.00, 11.25, 0.00, 0.00, 0.00, 0.00, 0.00, 15.00, 11.25, 13, 1, 0, '2018-02-16 16:13:54', '2018-03-01 13:59:58', '2018-03-01 13:59:58'),
(16, 1518807226, 12, 1, 19.00, 12.00, 0.00, 0.00, 0.00, 0.00, 0.00, 19.00, 12.00, 13, 1, 0, '2018-02-16 16:13:54', '2018-03-01 13:59:58', '2018-03-01 13:59:58'),
(17, 1518819408, 6, 1, 15.00, 11.25, 0.00, 0.00, 0.00, 0.00, 0.00, 15.00, 11.25, 13, 1, 0, '2018-02-16 16:16:48', '2018-02-16 16:16:48', NULL),
(18, 1518807226, 7, 2, 12.00, 10.00, 0.00, 0.00, 0.00, 0.00, 0.00, 24.00, 20.00, 13, 1, 1, '2018-03-01 13:59:58', '2018-03-01 13:59:58', NULL),
(19, 1518807226, 6, 1, 15.00, 11.25, 0.00, 0.00, 0.00, 0.00, 0.00, 15.00, 11.25, 13, 1, 1, '2018-03-01 13:59:58', '2018-03-01 13:59:58', NULL),
(20, 1518807226, 12, 1, 19.00, 12.00, 0.00, 0.00, 0.00, 0.00, 0.00, 19.00, 12.00, 13, 1, 1, '2018-03-01 13:59:59', '2018-03-01 13:59:59', NULL),
(21, 1519989038, 4, 4, 19.00, 12.00, 0.00, 0.00, 0.00, 0.00, 0.00, 76.00, 48.00, 13, 1, 0, '2018-03-02 05:10:38', '2018-03-02 05:10:38', NULL),
(22, 1519989038, 6, 1, 15.00, 11.25, 0.00, 0.00, 0.00, 0.00, 0.00, 15.00, 11.25, 13, 1, 0, '2018-03-02 05:10:38', '2018-03-02 05:10:38', NULL),
(23, 1519989038, 14, 7, 22.00, 22.00, 0.00, 0.00, 0.00, 0.00, 0.00, 154.00, 154.00, 13, 1, 0, '2018-03-02 05:10:38', '2018-03-02 05:10:38', NULL),
(24, 1519989038, 24, 9, 165.00, 155.00, 0.00, 0.00, 0.00, 0.00, 0.00, 1485.00, 1395.00, 13, 1, 0, '2018-03-02 05:10:38', '2018-03-02 05:10:38', NULL),
(25, 1520032834, 4, 1, 19.00, 12.00, 0.00, 0.00, 0.00, 0.00, 0.00, 19.00, 12.00, 13, 1, 0, '2018-03-02 17:20:34', '2018-03-02 17:35:21', '2018-03-02 17:35:21'),
(26, 1520032834, 6, 2, 15.00, 11.25, 0.00, 0.00, 0.00, 0.00, 0.00, 30.00, 22.50, 13, 1, 0, '2018-03-02 17:20:34', '2018-03-02 17:35:21', '2018-03-02 17:35:21'),
(27, 1520032834, 4, 1, 19.00, 12.00, 0.00, 0.00, 0.00, 0.00, 0.00, 19.00, 12.00, 13, 1, 1, '2018-03-02 17:35:21', '2018-03-02 17:35:41', '2018-03-02 17:35:41'),
(28, 1520032834, 6, 2, 15.00, 11.25, 0.00, 0.00, 0.00, 0.00, 0.00, 30.00, 22.50, 13, 1, 1, '2018-03-02 17:35:21', '2018-03-02 17:35:41', '2018-03-02 17:35:41'),
(29, 1520032834, 4, 2, 19.00, 12.00, 0.00, 0.00, 0.00, 0.00, 0.00, 38.00, 24.00, 13, 1, 1, '2018-03-02 17:35:41', '2018-03-03 12:44:31', '2018-03-03 12:44:31'),
(30, 1520032834, 6, 2, 15.00, 11.25, 0.00, 0.00, 0.00, 0.00, 0.00, 30.00, 22.50, 13, 1, 1, '2018-03-02 17:35:42', '2018-03-03 12:44:31', '2018-03-03 12:44:31'),
(31, 1520033838, 1, 8, 1.22, 1.00, 0.00, 0.00, 0.00, 0.00, 0.00, 9.76, 8.00, 13, 1, 0, '2018-03-02 17:37:18', '2018-03-03 12:44:33', '2018-03-03 12:44:33'),
(32, 1520097022, 3, 2, 100.00, 50.00, 0.00, 0.00, 0.00, 0.00, 0.00, 200.00, 100.00, 13, 1, 0, '2018-03-03 11:10:22', '2018-03-03 11:12:20', '2018-03-03 11:12:20'),
(33, 1520097022, 3, 2, 100.00, 50.00, 0.00, 0.00, 0.00, 0.00, 0.00, 200.00, 100.00, 13, 1, 1, '2018-03-03 11:12:20', '2018-03-03 11:12:31', '2018-03-03 11:12:31'),
(34, 1520100588, 3, 2, 100.00, 50.00, 0.00, 0.00, 0.00, 0.00, 0.00, 200.00, 100.00, 13, 1, 0, '2018-03-03 12:09:48', '2018-03-03 12:44:35', '2018-03-03 12:44:35'),
(35, 1520100695, 3, 2, 100.00, 50.00, 0.00, 0.00, 0.00, 0.00, 0.00, 200.00, 100.00, 13, 1, 0, '2018-03-03 12:11:35', '2018-03-03 12:44:38', '2018-03-03 12:44:38'),
(36, 1520100742, 3, 2, 100.00, 50.00, 0.00, 0.00, 0.00, 0.00, 0.00, 200.00, 100.00, 13, 1, 0, '2018-03-03 12:12:22', '2018-03-03 12:44:40', '2018-03-03 12:44:40'),
(37, 1520100765, 3, 2, 100.00, 50.00, 0.00, 0.00, 0.00, 0.00, 0.00, 200.00, 100.00, 13, 1, 0, '2018-03-03 12:12:45', '2018-03-03 12:43:09', '2018-03-03 12:43:09'),
(38, 1520100935, 3, 3, 100.00, 50.00, 0.00, 0.00, 0.00, 0.00, 0.00, 300.00, 150.00, 13, 1, 0, '2018-03-03 12:15:35', '2018-03-03 12:42:15', '2018-03-03 12:42:15'),
(39, 1520106771, 5, 1, 38.00, 33.00, 0.00, 0.00, 0.00, 0.00, 0.00, 38.00, 33.00, 13, 1, 0, '2018-03-03 13:52:51', '2018-03-03 14:55:56', '2018-03-03 14:55:56'),
(40, 1520106771, 5, 1, 38.00, 33.00, 0.00, 0.00, 0.00, 0.00, 0.00, 38.00, 33.00, 13, 1, 1, '2018-03-03 14:55:56', '2018-03-03 14:55:56', NULL),
(41, 1520110590, 6, 1, 15.00, 11.25, 0.00, 0.00, 0.00, 0.00, 0.00, 15.00, 11.25, 13, 1, 0, '2018-03-03 14:56:30', '2018-03-03 14:56:30', NULL),
(42, 1520110610, 6, 1, 15.00, 11.25, 0.00, 0.00, 0.00, 0.00, 0.00, 15.00, 11.25, 13, 1, 0, '2018-03-03 14:56:50', '2018-03-03 14:56:50', NULL),
(43, 1520111396, 1, 1, 1.22, 1.00, 0.00, 0.00, 0.00, 0.00, 0.00, 1.22, 1.00, 13, 1, 0, '2018-03-03 15:09:56', '2018-03-03 15:09:56', NULL),
(44, 1520193239, 4, 1, 19.00, 12.00, 0.00, 0.00, 0.00, 0.00, 0.00, 19.00, 12.00, 13, 1, 0, '2018-03-04 13:53:59', '2018-03-04 13:53:59', NULL),
(45, 1520195841, 6, 1, 15.00, 11.25, 0.00, 0.00, 0.00, 0.00, 0.00, 15.00, 11.25, 13, 1, 0, '2018-03-04 14:37:21', '2018-03-04 14:37:21', NULL),
(46, 1520195926, 6, 1, 15.00, 11.25, 0.00, 0.00, 0.00, 0.00, 0.00, 15.00, 11.25, 13, 1, 0, '2018-03-04 14:38:46', '2018-03-04 14:38:46', NULL),
(47, 1520196081, 6, 1, 15.00, 11.25, 0.00, 0.00, 0.00, 0.00, 0.00, 15.00, 11.25, 13, 1, 0, '2018-03-04 14:41:21', '2018-03-04 14:41:21', NULL),
(48, 1520196254, 6, 1, 15.00, 11.25, 0.00, 0.00, 0.00, 0.00, 0.00, 15.00, 11.25, 13, 1, 0, '2018-03-04 14:44:14', '2018-03-04 14:44:14', NULL),
(49, 1520196360, 6, 1, 15.00, 11.25, 0.00, 0.00, 0.00, 0.00, 0.00, 15.00, 11.25, 13, 1, 0, '2018-03-04 14:46:00', '2018-03-04 14:46:00', NULL),
(50, 1520196477, 6, 1, 15.00, 11.25, 0.00, 0.00, 0.00, 0.00, 0.00, 15.00, 11.25, 13, 1, 0, '2018-03-04 14:47:57', '2018-03-04 14:47:57', NULL),
(51, 1520196670, 6, 1, 15.00, 11.25, 0.00, 0.00, 0.00, 0.00, 0.00, 15.00, 11.25, 13, 1, 0, '2018-03-04 14:51:10', '2018-03-04 14:51:10', NULL),
(52, 1520196981, 6, 1, 15.00, 11.25, 0.00, 0.00, 0.00, 0.00, 0.00, 15.00, 11.25, 13, 1, 0, '2018-03-04 14:56:21', '2018-03-04 14:56:21', NULL),
(53, 1520197040, 1, 1, 1.22, 1.00, 0.00, 0.00, 0.00, 0.00, 0.00, 1.22, 1.00, 13, 1, 0, '2018-03-04 14:57:20', '2018-03-04 14:57:20', NULL),
(54, 1520197136, 3, 1, 100.00, 50.00, 0.00, 0.00, 0.00, 0.00, 0.00, 100.00, 50.00, 13, 1, 0, '2018-03-04 14:58:56', '2018-03-04 14:58:56', NULL),
(55, 1520197790, 4, 1, 19.00, 12.00, 0.00, 0.00, 0.00, 0.00, 0.00, 19.00, 12.00, 13, 1, 0, '2018-03-04 15:09:50', '2018-03-04 15:09:50', NULL),
(56, 1520263465, 6, 1, 15.00, 11.25, 0.00, 0.00, 0.00, 0.00, 0.00, 15.00, 11.25, 13, 1, 0, '2018-03-05 09:24:25', '2018-03-05 09:24:25', NULL),
(57, 1520263716, 1, 1, 1.22, 1.00, 0.00, 0.00, 0.00, 0.00, 0.00, 1.22, 1.00, 13, 1, 0, '2018-03-05 09:28:36', '2018-03-05 09:28:36', NULL),
(58, 1520277669, 1, 1, 1.22, 1.00, 0.00, 0.00, 0.00, 0.00, 0.00, 1.22, 1.00, 13, 1, 0, '2018-03-05 13:21:09', '2018-03-05 13:21:09', NULL),
(59, 1520277721, 1, 1, 1.22, 1.00, 0.00, 0.00, 0.00, 0.00, 0.00, 1.22, 1.00, 13, 1, 0, '2018-03-05 13:22:01', '2018-03-05 13:22:01', NULL),
(60, 1520278896, 1, 1, 1.22, 1.00, 0.00, 0.00, 0.00, 0.00, 0.00, 1.22, 1.00, 13, 1, 0, '2018-03-05 13:41:36', '2018-03-05 13:41:36', NULL),
(61, 1520278925, 3, 2, 100.00, 50.00, 0.00, 0.00, 0.00, 0.00, 0.00, 200.00, 100.00, 13, 1, 0, '2018-03-05 13:42:05', '2018-03-05 13:42:45', '2018-03-05 13:42:45'),
(62, 1520278925, 3, 2, 100.00, 50.00, 0.00, 0.00, 0.00, 0.00, 0.00, 200.00, 100.00, 13, 1, 1, '2018-03-05 13:42:45', '2018-03-05 13:44:05', '2018-03-05 13:44:05'),
(63, 1520279304, 6, 3, 15.00, 11.25, 0.00, 0.00, 0.00, 0.00, 0.00, 45.00, 33.75, 13, 1, 0, '2018-03-05 13:48:24', '2018-03-05 13:48:24', NULL),
(64, 1521482939, 44, 1, 22.00, 22.00, 0.00, 0.00, 0.00, 0.00, 0.00, 22.00, 22.00, 13, 1, 0, '2018-03-19 12:08:59', '2018-03-19 12:08:59', NULL),
(65, 1521482939, 43, 1, 20.00, 20.00, 0.00, 0.00, 0.00, 0.00, 0.00, 20.00, 20.00, 13, 1, 0, '2018-03-19 12:08:59', '2018-03-19 12:08:59', NULL),
(66, 1521482939, 42, 1, 10.00, 10.00, 0.00, 0.00, 0.00, 0.00, 0.00, 10.00, 10.00, 13, 1, 0, '2018-03-19 12:09:00', '2018-03-19 12:09:00', NULL),
(67, 1521482939, 41, 1, 4.00, 4.00, 0.00, 0.00, 0.00, 0.00, 0.00, 4.00, 4.00, 13, 1, 0, '2018-03-19 12:09:00', '2018-03-19 12:09:00', NULL),
(68, 1521482939, 40, 1, 20.00, 20.00, 0.00, 0.00, 0.00, 0.00, 0.00, 20.00, 20.00, 13, 1, 0, '2018-03-19 12:09:00', '2018-03-19 12:09:00', NULL),
(69, 1521482939, 39, 1, 11.00, 11.00, 0.00, 0.00, 0.00, 0.00, 0.00, 11.00, 11.00, 13, 1, 0, '2018-03-19 12:09:00', '2018-03-19 12:09:00', NULL),
(70, 1521482939, 38, 1, 10.00, 10.00, 0.00, 0.00, 0.00, 0.00, 0.00, 10.00, 10.00, 13, 1, 0, '2018-03-19 12:09:00', '2018-03-19 12:09:00', NULL),
(71, 1521482939, 37, 1, 10.00, 10.00, 0.00, 0.00, 0.00, 0.00, 0.00, 10.00, 10.00, 13, 1, 0, '2018-03-19 12:09:00', '2018-03-19 12:09:00', NULL),
(72, 1521482939, 36, 1, 11.00, 11.00, 0.00, 0.00, 0.00, 0.00, 0.00, 11.00, 11.00, 13, 1, 0, '2018-03-19 12:09:00', '2018-03-19 12:09:00', NULL),
(73, 1521482939, 35, 1, 10.00, 5.00, 0.00, 0.00, 0.00, 0.00, 0.00, 10.00, 5.00, 13, 1, 0, '2018-03-19 12:09:00', '2018-03-19 12:09:00', NULL),
(74, 1521482939, 34, 1, 10.00, 5.00, 0.00, 0.00, 0.00, 0.00, 0.00, 10.00, 5.00, 13, 1, 0, '2018-03-19 12:09:01', '2018-03-19 12:09:01', NULL),
(75, 1521482939, 33, 1, 20.00, 10.00, 0.00, 0.00, 0.00, 0.00, 0.00, 20.00, 10.00, 13, 1, 0, '2018-03-19 12:09:01', '2018-03-19 12:09:01', NULL),
(76, 1521483238, 44, 1, 22.00, 22.00, 0.00, 0.00, 0.00, 0.00, 0.00, 22.00, 22.00, 13, 1, 0, '2018-03-19 12:13:58', '2018-03-19 12:13:58', NULL),
(77, 1521483238, 43, 1, 20.00, 20.00, 0.00, 0.00, 0.00, 0.00, 0.00, 20.00, 20.00, 13, 1, 0, '2018-03-19 12:13:58', '2018-03-19 12:13:58', NULL),
(78, 1521483238, 42, 1, 10.00, 10.00, 0.00, 0.00, 0.00, 0.00, 0.00, 10.00, 10.00, 13, 1, 0, '2018-03-19 12:13:58', '2018-03-19 12:13:58', NULL),
(79, 1521483238, 41, 1, 4.00, 4.00, 0.00, 0.00, 0.00, 0.00, 0.00, 4.00, 4.00, 13, 1, 0, '2018-03-19 12:13:58', '2018-03-19 12:13:58', NULL),
(80, 1521483238, 40, 1, 20.00, 20.00, 0.00, 0.00, 0.00, 0.00, 0.00, 20.00, 20.00, 13, 1, 0, '2018-03-19 12:13:58', '2018-03-19 12:13:58', NULL),
(81, 1521483238, 39, 1, 11.00, 11.00, 0.00, 0.00, 0.00, 0.00, 0.00, 11.00, 11.00, 13, 1, 0, '2018-03-19 12:13:58', '2018-03-19 12:13:58', NULL),
(82, 1521483238, 38, 1, 10.00, 10.00, 0.00, 0.00, 0.00, 0.00, 0.00, 10.00, 10.00, 13, 1, 0, '2018-03-19 12:13:58', '2018-03-19 12:13:58', NULL),
(83, 1521483238, 37, 1, 10.00, 10.00, 0.00, 0.00, 0.00, 0.00, 0.00, 10.00, 10.00, 13, 1, 0, '2018-03-19 12:13:59', '2018-03-19 12:13:59', NULL),
(84, 1521483238, 36, 1, 11.00, 11.00, 0.00, 0.00, 0.00, 0.00, 0.00, 11.00, 11.00, 13, 1, 0, '2018-03-19 12:13:59', '2018-03-19 12:13:59', NULL),
(85, 1521483238, 35, 1, 10.00, 5.00, 0.00, 0.00, 0.00, 0.00, 0.00, 10.00, 5.00, 13, 1, 0, '2018-03-19 12:13:59', '2018-03-19 12:13:59', NULL),
(86, 1521483238, 34, 1, 10.00, 5.00, 0.00, 0.00, 0.00, 0.00, 0.00, 10.00, 5.00, 13, 1, 0, '2018-03-19 12:13:59', '2018-03-19 12:13:59', NULL),
(87, 1521483238, 33, 1, 20.00, 10.00, 0.00, 0.00, 0.00, 0.00, 0.00, 20.00, 10.00, 13, 1, 0, '2018-03-19 12:13:59', '2018-03-19 12:13:59', NULL),
(88, 1521483437, 44, 1, 22.00, 22.00, 0.00, 0.00, 0.00, 0.00, 0.00, 22.00, 22.00, 13, 1, 0, '2018-03-19 12:17:17', '2018-03-19 12:17:17', NULL),
(89, 1521483437, 43, 1, 20.00, 20.00, 0.00, 0.00, 0.00, 0.00, 0.00, 20.00, 20.00, 13, 1, 0, '2018-03-19 12:17:17', '2018-03-19 12:17:17', NULL),
(90, 1521483437, 42, 1, 10.00, 10.00, 0.00, 0.00, 0.00, 0.00, 0.00, 10.00, 10.00, 13, 1, 0, '2018-03-19 12:17:18', '2018-03-19 12:17:18', NULL),
(91, 1521483437, 41, 1, 4.00, 4.00, 0.00, 0.00, 0.00, 0.00, 0.00, 4.00, 4.00, 13, 1, 0, '2018-03-19 12:17:18', '2018-03-19 12:17:18', NULL),
(92, 1521483437, 40, 1, 20.00, 20.00, 0.00, 0.00, 0.00, 0.00, 0.00, 20.00, 20.00, 13, 1, 0, '2018-03-19 12:17:18', '2018-03-19 12:17:18', NULL),
(93, 1521483437, 39, 1, 11.00, 11.00, 0.00, 0.00, 0.00, 0.00, 0.00, 11.00, 11.00, 13, 1, 0, '2018-03-19 12:17:18', '2018-03-19 12:17:18', NULL),
(94, 1521483437, 38, 1, 10.00, 10.00, 0.00, 0.00, 0.00, 0.00, 0.00, 10.00, 10.00, 13, 1, 0, '2018-03-19 12:17:18', '2018-03-19 12:17:18', NULL),
(95, 1521483437, 37, 1, 10.00, 10.00, 0.00, 0.00, 0.00, 0.00, 0.00, 10.00, 10.00, 13, 1, 0, '2018-03-19 12:17:18', '2018-03-19 12:17:18', NULL),
(96, 1521483437, 36, 1, 11.00, 11.00, 0.00, 0.00, 0.00, 0.00, 0.00, 11.00, 11.00, 13, 1, 0, '2018-03-19 12:17:19', '2018-03-19 12:17:19', NULL),
(97, 1521483437, 35, 1, 10.00, 5.00, 0.00, 0.00, 0.00, 0.00, 0.00, 10.00, 5.00, 13, 1, 0, '2018-03-19 12:17:19', '2018-03-19 12:17:19', NULL),
(98, 1521483437, 34, 1, 10.00, 5.00, 0.00, 0.00, 0.00, 0.00, 0.00, 10.00, 5.00, 13, 1, 0, '2018-03-19 12:17:19', '2018-03-19 12:17:19', NULL),
(99, 1521483437, 33, 1, 20.00, 10.00, 0.00, 0.00, 0.00, 0.00, 0.00, 20.00, 10.00, 13, 1, 0, '2018-03-19 12:17:19', '2018-03-19 12:17:19', NULL),
(100, 1521483532, 44, 1, 22.00, 22.00, 0.00, 0.00, 0.00, 0.00, 0.00, 22.00, 22.00, 13, 1, 0, '2018-03-19 12:18:52', '2018-03-19 12:18:52', NULL),
(101, 1521483532, 43, 1, 20.00, 20.00, 0.00, 0.00, 0.00, 0.00, 0.00, 20.00, 20.00, 13, 1, 0, '2018-03-19 12:18:52', '2018-03-19 12:18:52', NULL),
(102, 1521483532, 42, 1, 10.00, 10.00, 0.00, 0.00, 0.00, 0.00, 0.00, 10.00, 10.00, 13, 1, 0, '2018-03-19 12:18:52', '2018-03-19 12:18:52', NULL),
(103, 1521483532, 41, 1, 4.00, 4.00, 0.00, 0.00, 0.00, 0.00, 0.00, 4.00, 4.00, 13, 1, 0, '2018-03-19 12:18:52', '2018-03-19 12:18:52', NULL),
(104, 1521483532, 40, 1, 20.00, 20.00, 0.00, 0.00, 0.00, 0.00, 0.00, 20.00, 20.00, 13, 1, 0, '2018-03-19 12:18:52', '2018-03-19 12:18:52', NULL),
(105, 1521483532, 39, 1, 11.00, 11.00, 0.00, 0.00, 0.00, 0.00, 0.00, 11.00, 11.00, 13, 1, 0, '2018-03-19 12:18:53', '2018-03-19 12:18:53', NULL),
(106, 1521483532, 38, 1, 10.00, 10.00, 0.00, 0.00, 0.00, 0.00, 0.00, 10.00, 10.00, 13, 1, 0, '2018-03-19 12:18:53', '2018-03-19 12:18:53', NULL),
(107, 1521483532, 37, 1, 10.00, 10.00, 0.00, 0.00, 0.00, 0.00, 0.00, 10.00, 10.00, 13, 1, 0, '2018-03-19 12:18:53', '2018-03-19 12:18:53', NULL),
(108, 1521483532, 36, 1, 11.00, 11.00, 0.00, 0.00, 0.00, 0.00, 0.00, 11.00, 11.00, 13, 1, 0, '2018-03-19 12:18:53', '2018-03-19 12:18:53', NULL),
(109, 1521483532, 35, 1, 10.00, 5.00, 0.00, 0.00, 0.00, 0.00, 0.00, 10.00, 5.00, 13, 1, 0, '2018-03-19 12:18:53', '2018-03-19 12:18:53', NULL),
(110, 1521483532, 34, 1, 10.00, 5.00, 0.00, 0.00, 0.00, 0.00, 0.00, 10.00, 5.00, 13, 1, 0, '2018-03-19 12:18:53', '2018-03-19 12:18:53', NULL),
(111, 1521483532, 33, 1, 20.00, 10.00, 0.00, 0.00, 0.00, 0.00, 0.00, 20.00, 10.00, 13, 1, 0, '2018-03-19 12:18:53', '2018-03-19 12:18:53', NULL),
(112, 1521483547, 44, 1, 22.00, 22.00, 0.00, 0.00, 0.00, 0.00, 0.00, 22.00, 22.00, 13, 1, 0, '2018-03-19 12:19:07', '2018-03-19 12:19:07', NULL),
(113, 1521483547, 43, 1, 20.00, 20.00, 0.00, 0.00, 0.00, 0.00, 0.00, 20.00, 20.00, 13, 1, 0, '2018-03-19 12:19:07', '2018-03-19 12:19:07', NULL),
(114, 1521483547, 42, 1, 10.00, 10.00, 0.00, 0.00, 0.00, 0.00, 0.00, 10.00, 10.00, 13, 1, 0, '2018-03-19 12:19:07', '2018-03-19 12:19:07', NULL),
(115, 1521483547, 41, 1, 4.00, 4.00, 0.00, 0.00, 0.00, 0.00, 0.00, 4.00, 4.00, 13, 1, 0, '2018-03-19 12:19:07', '2018-03-19 12:19:07', NULL),
(116, 1521483547, 40, 1, 20.00, 20.00, 0.00, 0.00, 0.00, 0.00, 0.00, 20.00, 20.00, 13, 1, 0, '2018-03-19 12:19:08', '2018-03-19 12:19:08', NULL),
(117, 1521483547, 39, 1, 11.00, 11.00, 0.00, 0.00, 0.00, 0.00, 0.00, 11.00, 11.00, 13, 1, 0, '2018-03-19 12:19:08', '2018-03-19 12:19:08', NULL),
(118, 1521483547, 38, 1, 10.00, 10.00, 0.00, 0.00, 0.00, 0.00, 0.00, 10.00, 10.00, 13, 1, 0, '2018-03-19 12:19:08', '2018-03-19 12:19:08', NULL),
(119, 1521483547, 37, 1, 10.00, 10.00, 0.00, 0.00, 0.00, 0.00, 0.00, 10.00, 10.00, 13, 1, 0, '2018-03-19 12:19:08', '2018-03-19 12:19:08', NULL),
(120, 1521483547, 36, 1, 11.00, 11.00, 0.00, 0.00, 0.00, 0.00, 0.00, 11.00, 11.00, 13, 1, 0, '2018-03-19 12:19:08', '2018-03-19 12:19:08', NULL),
(121, 1521483547, 35, 1, 10.00, 5.00, 0.00, 0.00, 0.00, 0.00, 0.00, 10.00, 5.00, 13, 1, 0, '2018-03-19 12:19:08', '2018-03-19 12:19:08', NULL),
(122, 1521483547, 34, 1, 10.00, 5.00, 0.00, 0.00, 0.00, 0.00, 0.00, 10.00, 5.00, 13, 1, 0, '2018-03-19 12:19:09', '2018-03-19 12:19:09', NULL),
(123, 1521483547, 33, 1, 20.00, 10.00, 0.00, 0.00, 0.00, 0.00, 0.00, 20.00, 10.00, 13, 1, 0, '2018-03-19 12:19:09', '2018-03-19 12:19:09', NULL),
(124, 1521483651, 44, 1, 22.00, 22.00, 0.00, 0.00, 0.00, 0.00, 0.00, 22.00, 22.00, 13, 1, 0, '2018-03-19 12:20:51', '2018-03-19 12:20:51', NULL),
(125, 1521483651, 43, 1, 20.00, 20.00, 0.00, 0.00, 0.00, 0.00, 0.00, 20.00, 20.00, 13, 1, 0, '2018-03-19 12:20:51', '2018-03-19 12:20:51', NULL),
(126, 1521483651, 42, 1, 10.00, 10.00, 0.00, 0.00, 0.00, 0.00, 0.00, 10.00, 10.00, 13, 1, 0, '2018-03-19 12:20:51', '2018-03-19 12:20:51', NULL),
(127, 1521483651, 41, 1, 4.00, 4.00, 0.00, 0.00, 0.00, 0.00, 0.00, 4.00, 4.00, 13, 1, 0, '2018-03-19 12:20:51', '2018-03-19 12:20:51', NULL),
(128, 1521483651, 40, 1, 20.00, 20.00, 0.00, 0.00, 0.00, 0.00, 0.00, 20.00, 20.00, 13, 1, 0, '2018-03-19 12:20:51', '2018-03-19 12:20:51', NULL),
(129, 1521483651, 39, 1, 11.00, 11.00, 0.00, 0.00, 0.00, 0.00, 0.00, 11.00, 11.00, 13, 1, 0, '2018-03-19 12:20:51', '2018-03-19 12:20:51', NULL),
(130, 1521483651, 38, 1, 10.00, 10.00, 0.00, 0.00, 0.00, 0.00, 0.00, 10.00, 10.00, 13, 1, 0, '2018-03-19 12:20:51', '2018-03-19 12:20:51', NULL),
(131, 1521483651, 37, 1, 10.00, 10.00, 0.00, 0.00, 0.00, 0.00, 0.00, 10.00, 10.00, 13, 1, 0, '2018-03-19 12:20:52', '2018-03-19 12:20:52', NULL),
(132, 1521483651, 36, 1, 11.00, 11.00, 0.00, 0.00, 0.00, 0.00, 0.00, 11.00, 11.00, 13, 1, 0, '2018-03-19 12:20:52', '2018-03-19 12:20:52', NULL),
(133, 1521483651, 35, 1, 10.00, 5.00, 0.00, 0.00, 0.00, 0.00, 0.00, 10.00, 5.00, 13, 1, 0, '2018-03-19 12:20:52', '2018-03-19 12:20:52', NULL),
(134, 1521483651, 34, 1, 10.00, 5.00, 0.00, 0.00, 0.00, 0.00, 0.00, 10.00, 5.00, 13, 1, 0, '2018-03-19 12:20:52', '2018-03-19 12:20:52', NULL),
(135, 1521483651, 33, 1, 20.00, 10.00, 0.00, 0.00, 0.00, 0.00, 0.00, 20.00, 10.00, 13, 1, 0, '2018-03-19 12:20:52', '2018-03-19 12:20:52', NULL),
(136, 1521483704, 44, 1, 22.00, 22.00, 0.00, 0.00, 0.00, 0.00, 0.00, 22.00, 22.00, 13, 1, 0, '2018-03-19 12:21:44', '2018-03-19 12:21:44', NULL),
(137, 1521483704, 43, 1, 20.00, 20.00, 0.00, 0.00, 0.00, 0.00, 0.00, 20.00, 20.00, 13, 1, 0, '2018-03-19 12:21:44', '2018-03-19 12:21:44', NULL),
(138, 1521483704, 42, 1, 10.00, 10.00, 0.00, 0.00, 0.00, 0.00, 0.00, 10.00, 10.00, 13, 1, 0, '2018-03-19 12:21:44', '2018-03-19 12:21:44', NULL),
(139, 1521483704, 41, 1, 4.00, 4.00, 0.00, 0.00, 0.00, 0.00, 0.00, 4.00, 4.00, 13, 1, 0, '2018-03-19 12:21:44', '2018-03-19 12:21:44', NULL),
(140, 1521483704, 40, 1, 20.00, 20.00, 0.00, 0.00, 0.00, 0.00, 0.00, 20.00, 20.00, 13, 1, 0, '2018-03-19 12:21:44', '2018-03-19 12:21:44', NULL),
(141, 1521483704, 39, 1, 11.00, 11.00, 0.00, 0.00, 0.00, 0.00, 0.00, 11.00, 11.00, 13, 1, 0, '2018-03-19 12:21:44', '2018-03-19 12:21:44', NULL),
(142, 1521483704, 38, 1, 10.00, 10.00, 0.00, 0.00, 0.00, 0.00, 0.00, 10.00, 10.00, 13, 1, 0, '2018-03-19 12:21:44', '2018-03-19 12:21:44', NULL),
(143, 1521483704, 37, 1, 10.00, 10.00, 0.00, 0.00, 0.00, 0.00, 0.00, 10.00, 10.00, 13, 1, 0, '2018-03-19 12:21:45', '2018-03-19 12:21:45', NULL),
(144, 1521483704, 36, 1, 11.00, 11.00, 0.00, 0.00, 0.00, 0.00, 0.00, 11.00, 11.00, 13, 1, 0, '2018-03-19 12:21:45', '2018-03-19 12:21:45', NULL),
(145, 1521483704, 35, 1, 10.00, 5.00, 0.00, 0.00, 0.00, 0.00, 0.00, 10.00, 5.00, 13, 1, 0, '2018-03-19 12:21:45', '2018-03-19 12:21:45', NULL),
(146, 1521483704, 34, 1, 10.00, 5.00, 0.00, 0.00, 0.00, 0.00, 0.00, 10.00, 5.00, 13, 1, 0, '2018-03-19 12:21:45', '2018-03-19 12:21:45', NULL),
(147, 1521483704, 33, 1, 20.00, 10.00, 0.00, 0.00, 0.00, 0.00, 0.00, 20.00, 10.00, 13, 1, 0, '2018-03-19 12:21:45', '2018-03-19 12:21:45', NULL),
(148, 1521483752, 44, 1, 22.00, 22.00, 0.00, 0.00, 0.00, 0.00, 0.00, 22.00, 22.00, 13, 1, 0, '2018-03-19 12:22:32', '2018-03-19 12:22:32', NULL),
(149, 1521483752, 43, 1, 20.00, 20.00, 0.00, 0.00, 0.00, 0.00, 0.00, 20.00, 20.00, 13, 1, 0, '2018-03-19 12:22:32', '2018-03-19 12:22:32', NULL),
(150, 1521483752, 42, 1, 10.00, 10.00, 0.00, 0.00, 0.00, 0.00, 0.00, 10.00, 10.00, 13, 1, 0, '2018-03-19 12:22:32', '2018-03-19 12:22:32', NULL),
(151, 1521483752, 41, 1, 4.00, 4.00, 0.00, 0.00, 0.00, 0.00, 0.00, 4.00, 4.00, 13, 1, 0, '2018-03-19 12:22:32', '2018-03-19 12:22:32', NULL),
(152, 1521483752, 40, 1, 20.00, 20.00, 0.00, 0.00, 0.00, 0.00, 0.00, 20.00, 20.00, 13, 1, 0, '2018-03-19 12:22:33', '2018-03-19 12:22:33', NULL),
(153, 1521483752, 39, 1, 11.00, 11.00, 0.00, 0.00, 0.00, 0.00, 0.00, 11.00, 11.00, 13, 1, 0, '2018-03-19 12:22:33', '2018-03-19 12:22:33', NULL),
(154, 1521483752, 38, 1, 10.00, 10.00, 0.00, 0.00, 0.00, 0.00, 0.00, 10.00, 10.00, 13, 1, 0, '2018-03-19 12:22:33', '2018-03-19 12:22:33', NULL),
(155, 1521483752, 37, 1, 10.00, 10.00, 0.00, 0.00, 0.00, 0.00, 0.00, 10.00, 10.00, 13, 1, 0, '2018-03-19 12:22:33', '2018-03-19 12:22:33', NULL),
(156, 1521483752, 36, 1, 11.00, 11.00, 0.00, 0.00, 0.00, 0.00, 0.00, 11.00, 11.00, 13, 1, 0, '2018-03-19 12:22:33', '2018-03-19 12:22:33', NULL),
(157, 1521483752, 35, 1, 10.00, 5.00, 0.00, 0.00, 0.00, 0.00, 0.00, 10.00, 5.00, 13, 1, 0, '2018-03-19 12:22:33', '2018-03-19 12:22:33', NULL),
(158, 1521483752, 34, 1, 10.00, 5.00, 0.00, 0.00, 0.00, 0.00, 0.00, 10.00, 5.00, 13, 1, 0, '2018-03-19 12:22:33', '2018-03-19 12:22:33', NULL),
(159, 1521483752, 33, 1, 20.00, 10.00, 0.00, 0.00, 0.00, 0.00, 0.00, 20.00, 10.00, 13, 1, 0, '2018-03-19 12:22:34', '2018-03-19 12:22:34', NULL),
(160, 1521483800, 44, 1, 22.00, 22.00, 0.00, 0.00, 0.00, 0.00, 0.00, 22.00, 22.00, 13, 1, 0, '2018-03-19 12:23:20', '2018-03-19 12:23:20', NULL),
(161, 1521483800, 43, 1, 20.00, 20.00, 0.00, 0.00, 0.00, 0.00, 0.00, 20.00, 20.00, 13, 1, 0, '2018-03-19 12:23:20', '2018-03-19 12:23:20', NULL),
(162, 1521483800, 42, 1, 10.00, 10.00, 0.00, 0.00, 0.00, 0.00, 0.00, 10.00, 10.00, 13, 1, 0, '2018-03-19 12:23:20', '2018-03-19 12:23:20', NULL),
(163, 1521483800, 41, 1, 4.00, 4.00, 0.00, 0.00, 0.00, 0.00, 0.00, 4.00, 4.00, 13, 1, 0, '2018-03-19 12:23:20', '2018-03-19 12:23:20', NULL),
(164, 1521483800, 40, 1, 20.00, 20.00, 0.00, 0.00, 0.00, 0.00, 0.00, 20.00, 20.00, 13, 1, 0, '2018-03-19 12:23:20', '2018-03-19 12:23:20', NULL),
(165, 1521483800, 39, 1, 11.00, 11.00, 0.00, 0.00, 0.00, 0.00, 0.00, 11.00, 11.00, 13, 1, 0, '2018-03-19 12:23:20', '2018-03-19 12:23:20', NULL),
(166, 1521483800, 38, 1, 10.00, 10.00, 0.00, 0.00, 0.00, 0.00, 0.00, 10.00, 10.00, 13, 1, 0, '2018-03-19 12:23:21', '2018-03-19 12:23:21', NULL),
(167, 1521483800, 37, 1, 10.00, 10.00, 0.00, 0.00, 0.00, 0.00, 0.00, 10.00, 10.00, 13, 1, 0, '2018-03-19 12:23:21', '2018-03-19 12:23:21', NULL),
(168, 1521483800, 36, 1, 11.00, 11.00, 0.00, 0.00, 0.00, 0.00, 0.00, 11.00, 11.00, 13, 1, 0, '2018-03-19 12:23:21', '2018-03-19 12:23:21', NULL),
(169, 1521483800, 35, 1, 10.00, 5.00, 0.00, 0.00, 0.00, 0.00, 0.00, 10.00, 5.00, 13, 1, 0, '2018-03-19 12:23:21', '2018-03-19 12:23:21', NULL),
(170, 1521483800, 34, 1, 10.00, 5.00, 0.00, 0.00, 0.00, 0.00, 0.00, 10.00, 5.00, 13, 1, 0, '2018-03-19 12:23:21', '2018-03-19 12:23:21', NULL),
(171, 1521483800, 33, 1, 20.00, 10.00, 0.00, 0.00, 0.00, 0.00, 0.00, 20.00, 10.00, 13, 1, 0, '2018-03-19 12:23:21', '2018-03-19 12:23:21', NULL),
(172, 1521484527, 44, 1, 22.00, 22.00, 3.00, 0.00, 0.00, 0.00, 0.00, 22.00, 22.00, 13, 1, 0, '2018-03-19 12:35:27', '2018-03-19 12:35:27', NULL),
(173, 1521484527, 43, 1, 20.00, 20.00, 3.00, 0.60, 0.00, 0.00, 0.00, 20.00, 20.00, 13, 1, 0, '2018-03-19 12:35:27', '2018-03-19 12:35:27', NULL),
(174, 1521484527, 42, 1, 10.00, 10.00, 3.00, 0.30, 0.00, 0.00, 0.00, 10.00, 10.00, 13, 1, 0, '2018-03-19 12:35:27', '2018-03-19 12:35:27', NULL),
(175, 1521484527, 41, 1, 4.00, 4.00, 3.00, 0.12, 0.00, 0.00, 0.00, 4.00, 4.00, 13, 1, 0, '2018-03-19 12:35:27', '2018-03-19 12:35:27', NULL),
(176, 1521484527, 40, 1, 20.00, 20.00, 3.00, 0.60, 0.00, 0.00, 0.00, 20.00, 20.00, 13, 1, 0, '2018-03-19 12:35:27', '2018-03-19 12:35:27', NULL),
(177, 1521484527, 39, 1, 11.00, 11.00, 3.00, 0.33, 0.00, 0.00, 0.00, 11.00, 11.00, 13, 1, 0, '2018-03-19 12:35:27', '2018-03-19 12:35:27', NULL),
(178, 1521484527, 38, 1, 10.00, 10.00, 3.00, 0.30, 0.00, 0.00, 0.00, 10.00, 10.00, 13, 1, 0, '2018-03-19 12:35:27', '2018-03-19 12:35:27', NULL),
(179, 1521484527, 37, 1, 10.00, 10.00, 3.00, 0.30, 0.00, 0.00, 0.00, 10.00, 10.00, 13, 1, 0, '2018-03-19 12:35:28', '2018-03-19 12:35:28', NULL),
(180, 1521484527, 36, 1, 11.00, 11.00, 3.00, 0.33, 0.00, 0.00, 0.00, 11.00, 11.00, 13, 1, 0, '2018-03-19 12:35:28', '2018-03-19 12:35:28', NULL),
(181, 1521484527, 35, 1, 10.00, 5.00, 3.00, 0.30, 0.00, 0.00, 0.00, 10.00, 5.00, 13, 1, 0, '2018-03-19 12:35:28', '2018-03-19 12:35:28', NULL),
(182, 1521484527, 34, 1, 10.00, 5.00, 3.00, 0.30, 0.00, 0.00, 0.00, 10.00, 5.00, 13, 1, 0, '2018-03-19 12:35:28', '2018-03-19 12:35:28', NULL),
(183, 1521484527, 33, 1, 20.00, 10.00, 3.00, 0.60, 0.00, 0.00, 0.00, 20.00, 10.00, 13, 1, 0, '2018-03-19 12:35:28', '2018-03-19 12:35:28', NULL),
(184, 1521485088, 44, 1, 22.00, 22.00, 3.00, 0.00, 0.00, 0.00, 0.00, 22.00, 22.00, 13, 1, 0, '2018-03-19 12:44:48', '2018-03-19 12:44:48', NULL),
(185, 1521485088, 43, 1, 20.00, 20.00, 3.00, 0.60, 0.00, 0.00, 0.00, 20.00, 20.00, 13, 1, 0, '2018-03-19 12:44:49', '2018-03-19 12:44:49', NULL),
(186, 1521485088, 42, 1, 10.00, 10.00, 3.00, 0.30, 0.00, 0.00, 0.00, 10.00, 10.00, 13, 1, 0, '2018-03-19 12:44:49', '2018-03-19 12:44:49', NULL),
(187, 1521485088, 41, 1, 4.00, 4.00, 3.00, 0.12, 0.00, 0.00, 0.00, 4.00, 4.00, 13, 1, 0, '2018-03-19 12:44:49', '2018-03-19 12:44:49', NULL),
(188, 1521485088, 40, 1, 20.00, 20.00, 3.00, 0.60, 0.00, 0.00, 0.00, 20.00, 20.00, 13, 1, 0, '2018-03-19 12:44:49', '2018-03-19 12:44:49', NULL),
(189, 1521485088, 39, 1, 11.00, 11.00, 3.00, 0.33, 0.00, 0.00, 0.00, 11.00, 11.00, 13, 1, 0, '2018-03-19 12:44:49', '2018-03-19 12:44:49', NULL),
(190, 1521485088, 38, 1, 10.00, 10.00, 3.00, 0.30, 0.00, 0.00, 0.00, 10.00, 10.00, 13, 1, 0, '2018-03-19 12:44:49', '2018-03-19 12:44:49', NULL),
(191, 1521485088, 37, 1, 10.00, 10.00, 3.00, 0.30, 0.00, 0.00, 0.00, 10.00, 10.00, 13, 1, 0, '2018-03-19 12:44:49', '2018-03-19 12:44:49', NULL),
(192, 1521485088, 36, 1, 11.00, 11.00, 3.00, 0.33, 0.00, 0.00, 0.00, 11.00, 11.00, 13, 1, 0, '2018-03-19 12:44:50', '2018-03-19 12:44:50', NULL),
(193, 1521485088, 35, 1, 10.00, 5.00, 3.00, 0.30, 0.00, 0.00, 0.00, 10.00, 5.00, 13, 1, 0, '2018-03-19 12:44:50', '2018-03-19 12:44:50', NULL),
(194, 1521485088, 34, 1, 10.00, 5.00, 3.00, 0.30, 0.00, 0.00, 0.00, 10.00, 5.00, 13, 1, 0, '2018-03-19 12:44:50', '2018-03-19 12:44:50', NULL),
(195, 1521485088, 33, 1, 20.00, 10.00, 3.00, 0.60, 0.00, 0.00, 0.00, 20.00, 10.00, 13, 1, 0, '2018-03-19 12:44:50', '2018-03-19 12:44:50', NULL),
(196, 1521485131, 44, 1, 22.00, 22.00, 3.00, 0.00, 0.00, 0.00, 0.00, 22.00, 22.00, 13, 1, 0, '2018-03-19 12:45:31', '2018-03-19 12:45:31', NULL),
(197, 1521485131, 43, 1, 20.00, 20.00, 3.00, 0.60, 0.00, 0.00, 0.00, 20.00, 20.00, 13, 1, 0, '2018-03-19 12:45:31', '2018-03-19 12:45:31', NULL),
(198, 1521485131, 42, 1, 10.00, 10.00, 3.00, 0.30, 0.00, 0.00, 0.00, 10.00, 10.00, 13, 1, 0, '2018-03-19 12:45:31', '2018-03-19 12:45:31', NULL),
(199, 1521485131, 41, 1, 4.00, 4.00, 3.00, 0.12, 0.00, 0.00, 0.00, 4.00, 4.00, 13, 1, 0, '2018-03-19 12:45:31', '2018-03-19 12:45:31', NULL),
(200, 1521485131, 40, 1, 20.00, 20.00, 3.00, 0.60, 0.00, 0.00, 0.00, 20.00, 20.00, 13, 1, 0, '2018-03-19 12:45:31', '2018-03-19 12:45:31', NULL),
(201, 1521485131, 39, 1, 11.00, 11.00, 3.00, 0.33, 0.00, 0.00, 0.00, 11.00, 11.00, 13, 1, 0, '2018-03-19 12:45:31', '2018-03-19 12:45:31', NULL),
(202, 1521485131, 38, 1, 10.00, 10.00, 3.00, 0.30, 0.00, 0.00, 0.00, 10.00, 10.00, 13, 1, 0, '2018-03-19 12:45:31', '2018-03-19 12:45:31', NULL),
(203, 1521485131, 37, 1, 10.00, 10.00, 3.00, 0.30, 0.00, 0.00, 0.00, 10.00, 10.00, 13, 1, 0, '2018-03-19 12:45:31', '2018-03-19 12:45:31', NULL),
(204, 1521485131, 36, 1, 11.00, 11.00, 3.00, 0.33, 0.00, 0.00, 0.00, 11.00, 11.00, 13, 1, 0, '2018-03-19 12:45:31', '2018-03-19 12:45:31', NULL),
(205, 1521485131, 35, 1, 10.00, 5.00, 3.00, 0.30, 0.00, 0.00, 0.00, 10.00, 5.00, 13, 1, 0, '2018-03-19 12:45:31', '2018-03-19 12:45:31', NULL),
(206, 1521485131, 34, 1, 10.00, 5.00, 3.00, 0.30, 0.00, 0.00, 0.00, 10.00, 5.00, 13, 1, 0, '2018-03-19 12:45:32', '2018-03-19 12:45:32', NULL),
(207, 1521485131, 33, 1, 20.00, 10.00, 3.00, 0.60, 0.00, 0.00, 0.00, 20.00, 10.00, 13, 1, 0, '2018-03-19 12:45:32', '2018-03-19 12:45:32', NULL),
(208, 1521485168, 44, 1, 22.00, 22.00, 3.00, 0.00, 0.00, 0.00, 0.00, 22.00, 22.00, 13, 1, 0, '2018-03-19 12:46:08', '2018-03-19 12:46:08', NULL),
(209, 1521485168, 43, 1, 20.00, 20.00, 3.00, 0.60, 0.00, 0.00, 0.00, 20.00, 20.00, 13, 1, 0, '2018-03-19 12:46:08', '2018-03-19 12:46:08', NULL),
(210, 1521485168, 42, 1, 10.00, 10.00, 3.00, 0.30, 0.00, 0.00, 0.00, 10.00, 10.00, 13, 1, 0, '2018-03-19 12:46:08', '2018-03-19 12:46:08', NULL),
(211, 1521485168, 41, 1, 4.00, 4.00, 3.00, 0.12, 0.00, 0.00, 0.00, 4.00, 4.00, 13, 1, 0, '2018-03-19 12:46:08', '2018-03-19 12:46:08', NULL),
(212, 1521485168, 40, 1, 20.00, 20.00, 3.00, 0.60, 0.00, 0.00, 0.00, 20.00, 20.00, 13, 1, 0, '2018-03-19 12:46:08', '2018-03-19 12:46:08', NULL),
(213, 1521485168, 39, 1, 11.00, 11.00, 3.00, 0.33, 0.00, 0.00, 0.00, 11.00, 11.00, 13, 1, 0, '2018-03-19 12:46:08', '2018-03-19 12:46:08', NULL),
(214, 1521485168, 38, 1, 10.00, 10.00, 3.00, 0.30, 0.00, 0.00, 0.00, 10.00, 10.00, 13, 1, 0, '2018-03-19 12:46:09', '2018-03-19 12:46:09', NULL),
(215, 1521485168, 37, 1, 10.00, 10.00, 3.00, 0.30, 0.00, 0.00, 0.00, 10.00, 10.00, 13, 1, 0, '2018-03-19 12:46:09', '2018-03-19 12:46:09', NULL),
(216, 1521485168, 36, 1, 11.00, 11.00, 3.00, 0.33, 0.00, 0.00, 0.00, 11.00, 11.00, 13, 1, 0, '2018-03-19 12:46:09', '2018-03-19 12:46:09', NULL),
(217, 1521485168, 35, 1, 10.00, 5.00, 3.00, 0.30, 0.00, 0.00, 0.00, 10.00, 5.00, 13, 1, 0, '2018-03-19 12:46:09', '2018-03-19 12:46:09', NULL),
(218, 1521485168, 34, 1, 10.00, 5.00, 3.00, 0.30, 0.00, 0.00, 0.00, 10.00, 5.00, 13, 1, 0, '2018-03-19 12:46:09', '2018-03-19 12:46:09', NULL),
(219, 1521485168, 33, 1, 20.00, 10.00, 3.00, 0.60, 0.00, 0.00, 0.00, 20.00, 10.00, 13, 1, 0, '2018-03-19 12:46:09', '2018-03-19 12:46:09', NULL),
(220, 1521485361, 44, 1, 22.00, 22.00, 3.00, 0.00, 0.00, 0.00, 0.00, 22.00, 22.00, 13, 1, 0, '2018-03-19 12:49:21', '2018-03-19 12:49:21', NULL),
(221, 1521485361, 43, 1, 20.00, 20.00, 3.00, 0.60, 0.00, 0.00, 0.00, 20.00, 20.00, 13, 1, 0, '2018-03-19 12:49:22', '2018-03-19 12:49:22', NULL),
(222, 1521485361, 42, 1, 10.00, 10.00, 3.00, 0.30, 0.00, 0.00, 0.00, 10.00, 10.00, 13, 1, 0, '2018-03-19 12:49:22', '2018-03-19 12:49:22', NULL),
(223, 1521485361, 41, 1, 4.00, 4.00, 3.00, 0.12, 0.00, 0.00, 0.00, 4.00, 4.00, 13, 1, 0, '2018-03-19 12:49:22', '2018-03-19 12:49:22', NULL),
(224, 1521485361, 40, 1, 20.00, 20.00, 3.00, 0.60, 0.00, 0.00, 0.00, 20.00, 20.00, 13, 1, 0, '2018-03-19 12:49:22', '2018-03-19 12:49:22', NULL),
(225, 1521485361, 39, 1, 11.00, 11.00, 3.00, 0.33, 0.00, 0.00, 0.00, 11.00, 11.00, 13, 1, 0, '2018-03-19 12:49:22', '2018-03-19 12:49:22', NULL),
(226, 1521485361, 38, 1, 10.00, 10.00, 3.00, 0.30, 0.00, 0.00, 0.00, 10.00, 10.00, 13, 1, 0, '2018-03-19 12:49:22', '2018-03-19 12:49:22', NULL),
(227, 1521485361, 37, 1, 10.00, 10.00, 3.00, 0.30, 0.00, 0.00, 0.00, 10.00, 10.00, 13, 1, 0, '2018-03-19 12:49:22', '2018-03-19 12:49:22', NULL),
(228, 1521485361, 36, 1, 11.00, 11.00, 3.00, 0.33, 0.00, 0.00, 0.00, 11.00, 11.00, 13, 1, 0, '2018-03-19 12:49:22', '2018-03-19 12:49:22', NULL),
(229, 1521485361, 35, 1, 10.00, 5.00, 3.00, 0.30, 0.00, 0.00, 0.00, 10.00, 5.00, 13, 1, 0, '2018-03-19 12:49:23', '2018-03-19 12:49:23', NULL),
(230, 1521485361, 34, 1, 10.00, 5.00, 3.00, 0.30, 0.00, 0.00, 0.00, 10.00, 5.00, 13, 1, 0, '2018-03-19 12:49:23', '2018-03-19 12:49:23', NULL),
(231, 1521485361, 33, 1, 20.00, 10.00, 3.00, 0.60, 0.00, 0.00, 0.00, 20.00, 10.00, 13, 1, 0, '2018-03-19 12:49:23', '2018-03-19 12:49:23', NULL),
(232, 1521487602, 44, 1, 22.00, 22.00, 3.00, 0.66, 0.00, 0.00, 0.00, 22.00, 22.00, 13, 1, 0, '2018-03-19 13:26:42', '2018-03-19 13:26:42', NULL),
(233, 1521487602, 43, 1, 20.00, 20.00, 3.00, 0.60, 0.00, 0.00, 0.00, 20.00, 20.00, 13, 1, 0, '2018-03-19 13:26:42', '2018-03-19 13:26:42', NULL),
(234, 1521487602, 42, 1, 10.00, 10.00, 3.00, 0.30, 0.00, 0.00, 0.00, 10.00, 10.00, 13, 1, 0, '2018-03-19 13:26:42', '2018-03-19 13:26:42', NULL),
(235, 1521487602, 41, 1, 4.00, 4.00, 3.00, 0.12, 0.00, 0.00, 0.00, 4.00, 4.00, 13, 1, 0, '2018-03-19 13:26:42', '2018-03-19 13:26:42', NULL),
(236, 1521487602, 40, 1, 20.00, 20.00, 3.00, 0.60, 0.00, 0.00, 0.00, 20.00, 20.00, 13, 1, 0, '2018-03-19 13:26:42', '2018-03-19 13:26:42', NULL),
(237, 1521487602, 39, 1, 11.00, 11.00, 3.00, 0.33, 0.00, 0.00, 0.00, 11.00, 11.00, 13, 1, 0, '2018-03-19 13:26:42', '2018-03-19 13:26:42', NULL),
(238, 1521487602, 38, 1, 10.00, 10.00, 3.00, 0.30, 0.00, 0.00, 0.00, 10.00, 10.00, 13, 1, 0, '2018-03-19 13:26:43', '2018-03-19 13:26:43', NULL),
(239, 1521487602, 37, 1, 10.00, 10.00, 3.00, 0.30, 0.00, 0.00, 0.00, 10.00, 10.00, 13, 1, 0, '2018-03-19 13:26:43', '2018-03-19 13:26:43', NULL),
(240, 1521487602, 36, 1, 11.00, 11.00, 3.00, 0.33, 0.00, 0.00, 0.00, 11.00, 11.00, 13, 1, 0, '2018-03-19 13:26:43', '2018-03-19 13:26:43', NULL),
(241, 1521487602, 35, 1, 10.00, 5.00, 3.00, 0.30, 0.00, 0.00, 0.00, 10.00, 5.00, 13, 1, 0, '2018-03-19 13:26:43', '2018-03-19 13:26:43', NULL),
(242, 1521487602, 34, 1, 10.00, 5.00, 3.00, 0.30, 0.00, 0.00, 0.00, 10.00, 5.00, 13, 1, 0, '2018-03-19 13:26:43', '2018-03-19 13:26:43', NULL),
(243, 1521487602, 33, 1, 20.00, 10.00, 3.00, 0.60, 0.00, 0.00, 0.00, 20.00, 10.00, 13, 1, 0, '2018-03-19 13:26:43', '2018-03-19 13:26:43', NULL),
(244, 1521487925, 44, 1, 22.00, 22.00, 3.00, 0.66, 0.00, 0.00, 0.00, 22.00, 22.00, 13, 1, 0, '2018-03-19 13:32:05', '2018-03-19 13:32:05', NULL),
(245, 1521487925, 43, 1, 20.00, 20.00, 3.00, 0.60, 0.00, 0.00, 0.00, 20.00, 20.00, 13, 1, 0, '2018-03-19 13:32:05', '2018-03-19 13:32:05', NULL),
(246, 1521487925, 42, 1, 10.00, 10.00, 3.00, 0.30, 0.00, 0.00, 0.00, 10.00, 10.00, 13, 1, 0, '2018-03-19 13:32:06', '2018-03-19 13:32:06', NULL),
(247, 1521487925, 41, 1, 4.00, 4.00, 3.00, 0.12, 0.00, 0.00, 0.00, 4.00, 4.00, 13, 1, 0, '2018-03-19 13:32:06', '2018-03-19 13:32:06', NULL),
(248, 1521487925, 40, 1, 20.00, 20.00, 3.00, 0.60, 0.00, 0.00, 0.00, 20.00, 20.00, 13, 1, 0, '2018-03-19 13:32:06', '2018-03-19 13:32:06', NULL),
(249, 1521487925, 39, 1, 11.00, 11.00, 3.00, 0.33, 0.00, 0.00, 0.00, 11.00, 11.00, 13, 1, 0, '2018-03-19 13:32:06', '2018-03-19 13:32:06', NULL),
(250, 1521487925, 38, 1, 10.00, 10.00, 3.00, 0.30, 0.00, 0.00, 0.00, 10.00, 10.00, 13, 1, 0, '2018-03-19 13:32:06', '2018-03-19 13:32:06', NULL),
(251, 1521487925, 37, 1, 10.00, 10.00, 3.00, 0.30, 0.00, 0.00, 0.00, 10.00, 10.00, 13, 1, 0, '2018-03-19 13:32:06', '2018-03-19 13:32:06', NULL),
(252, 1521487925, 36, 1, 11.00, 11.00, 3.00, 0.33, 0.00, 0.00, 0.00, 11.00, 11.00, 13, 1, 0, '2018-03-19 13:32:06', '2018-03-19 13:32:06', NULL),
(253, 1521487925, 35, 1, 10.00, 5.00, 3.00, 0.30, 0.00, 0.00, 0.00, 10.00, 5.00, 13, 1, 0, '2018-03-19 13:32:06', '2018-03-19 13:32:06', NULL),
(254, 1521487925, 34, 1, 10.00, 5.00, 3.00, 0.30, 0.00, 0.00, 0.00, 10.00, 5.00, 13, 1, 0, '2018-03-19 13:32:07', '2018-03-19 13:32:07', NULL),
(255, 1521487925, 33, 1, 20.00, 10.00, 3.00, 0.60, 0.00, 0.00, 0.00, 20.00, 10.00, 13, 1, 0, '2018-03-19 13:32:07', '2018-03-19 13:32:07', NULL),
(256, 1521488142, 44, 1, 22.00, 22.00, 3.00, 0.66, 0.00, 0.00, 0.00, 22.00, 22.00, 13, 1, 0, '2018-03-19 13:35:42', '2018-03-19 13:35:42', NULL),
(257, 1521488142, 43, 1, 20.00, 20.00, 3.00, 0.60, 0.00, 0.00, 0.00, 20.00, 20.00, 13, 1, 0, '2018-03-19 13:35:42', '2018-03-19 13:35:42', NULL),
(258, 1521488142, 42, 1, 10.00, 10.00, 3.00, 0.30, 0.00, 0.00, 0.00, 10.00, 10.00, 13, 1, 0, '2018-03-19 13:35:42', '2018-03-19 13:35:42', NULL),
(259, 1521488142, 41, 1, 4.00, 4.00, 3.00, 0.12, 0.00, 0.00, 0.00, 4.00, 4.00, 13, 1, 0, '2018-03-19 13:35:42', '2018-03-19 13:35:42', NULL),
(260, 1521488142, 40, 1, 20.00, 20.00, 3.00, 0.60, 0.00, 0.00, 0.00, 20.00, 20.00, 13, 1, 0, '2018-03-19 13:35:42', '2018-03-19 13:35:42', NULL),
(261, 1521488142, 39, 1, 11.00, 11.00, 3.00, 0.33, 0.00, 0.00, 0.00, 11.00, 11.00, 13, 1, 0, '2018-03-19 13:35:43', '2018-03-19 13:35:43', NULL),
(262, 1521488142, 38, 1, 10.00, 10.00, 3.00, 0.30, 0.00, 0.00, 0.00, 10.00, 10.00, 13, 1, 0, '2018-03-19 13:35:43', '2018-03-19 13:35:43', NULL),
(263, 1521488142, 37, 1, 10.00, 10.00, 3.00, 0.30, 0.00, 0.00, 0.00, 10.00, 10.00, 13, 1, 0, '2018-03-19 13:35:43', '2018-03-19 13:35:43', NULL),
(264, 1521488142, 36, 1, 11.00, 11.00, 3.00, 0.33, 0.00, 0.00, 0.00, 11.00, 11.00, 13, 1, 0, '2018-03-19 13:35:43', '2018-03-19 13:35:43', NULL),
(265, 1521488142, 35, 1, 10.00, 5.00, 3.00, 0.30, 0.00, 0.00, 0.00, 10.00, 5.00, 13, 1, 0, '2018-03-19 13:35:43', '2018-03-19 13:35:43', NULL),
(266, 1521488142, 34, 1, 10.00, 5.00, 3.00, 0.30, 0.00, 0.00, 0.00, 10.00, 5.00, 13, 1, 0, '2018-03-19 13:35:43', '2018-03-19 13:35:43', NULL),
(267, 1521488142, 33, 1, 20.00, 10.00, 3.00, 0.60, 0.00, 0.00, 0.00, 20.00, 10.00, 13, 1, 0, '2018-03-19 13:35:43', '2018-03-19 13:35:43', NULL),
(268, 1521488164, 44, 1, 22.00, 22.00, 3.00, 0.66, 0.00, 0.00, 0.00, 22.00, 22.00, 13, 1, 0, '2018-03-19 13:36:04', '2018-03-19 13:36:04', NULL),
(269, 1521488164, 43, 1, 20.00, 20.00, 3.00, 0.60, 0.00, 0.00, 0.00, 20.00, 20.00, 13, 1, 0, '2018-03-19 13:36:04', '2018-03-19 13:36:04', NULL),
(270, 1521488164, 42, 1, 10.00, 10.00, 3.00, 0.30, 0.00, 0.00, 0.00, 10.00, 10.00, 13, 1, 0, '2018-03-19 13:36:04', '2018-03-19 13:36:04', NULL),
(271, 1521488164, 41, 1, 4.00, 4.00, 3.00, 0.12, 0.00, 0.00, 0.00, 4.00, 4.00, 13, 1, 0, '2018-03-19 13:36:04', '2018-03-19 13:36:04', NULL),
(272, 1521488164, 40, 1, 20.00, 20.00, 3.00, 0.60, 0.00, 0.00, 0.00, 20.00, 20.00, 13, 1, 0, '2018-03-19 13:36:04', '2018-03-19 13:36:04', NULL),
(273, 1521488164, 39, 1, 11.00, 11.00, 3.00, 0.33, 0.00, 0.00, 0.00, 11.00, 11.00, 13, 1, 0, '2018-03-19 13:36:05', '2018-03-19 13:36:05', NULL),
(274, 1521488164, 38, 1, 10.00, 10.00, 3.00, 0.30, 0.00, 0.00, 0.00, 10.00, 10.00, 13, 1, 0, '2018-03-19 13:36:05', '2018-03-19 13:36:05', NULL),
(275, 1521488164, 37, 1, 10.00, 10.00, 3.00, 0.30, 0.00, 0.00, 0.00, 10.00, 10.00, 13, 1, 0, '2018-03-19 13:36:05', '2018-03-19 13:36:05', NULL),
(276, 1521488164, 36, 1, 11.00, 11.00, 3.00, 0.33, 0.00, 0.00, 0.00, 11.00, 11.00, 13, 1, 0, '2018-03-19 13:36:05', '2018-03-19 13:36:05', NULL),
(277, 1521488164, 35, 1, 10.00, 5.00, 3.00, 0.30, 0.00, 0.00, 0.00, 10.00, 5.00, 13, 1, 0, '2018-03-19 13:36:05', '2018-03-19 13:36:05', NULL),
(278, 1521488164, 34, 1, 10.00, 5.00, 3.00, 0.30, 0.00, 0.00, 0.00, 10.00, 5.00, 13, 1, 0, '2018-03-19 13:36:05', '2018-03-19 13:36:05', NULL),
(279, 1521488164, 33, 1, 20.00, 10.00, 3.00, 0.60, 0.00, 0.00, 0.00, 20.00, 10.00, 13, 1, 0, '2018-03-19 13:36:05', '2018-03-19 13:36:05', NULL),
(280, 1521488285, 44, 1, 22.00, 22.00, 3.00, 0.66, 0.00, 0.00, 0.00, 22.00, 22.00, 13, 1, 0, '2018-03-19 13:38:05', '2018-03-19 13:38:05', NULL),
(281, 1521488285, 43, 1, 20.00, 20.00, 3.00, 0.60, 0.00, 0.00, 0.00, 20.00, 20.00, 13, 1, 0, '2018-03-19 13:38:05', '2018-03-19 13:38:05', NULL),
(282, 1521488285, 42, 1, 10.00, 10.00, 3.00, 0.30, 0.00, 0.00, 0.00, 10.00, 10.00, 13, 1, 0, '2018-03-19 13:38:05', '2018-03-19 13:38:05', NULL),
(283, 1521488285, 41, 1, 4.00, 4.00, 3.00, 0.12, 0.00, 0.00, 0.00, 4.00, 4.00, 13, 1, 0, '2018-03-19 13:38:05', '2018-03-19 13:38:05', NULL),
(284, 1521488285, 40, 1, 20.00, 20.00, 3.00, 0.60, 0.00, 0.00, 0.00, 20.00, 20.00, 13, 1, 0, '2018-03-19 13:38:05', '2018-03-19 13:38:05', NULL),
(285, 1521488285, 39, 1, 11.00, 11.00, 3.00, 0.33, 0.00, 0.00, 0.00, 11.00, 11.00, 13, 1, 0, '2018-03-19 13:38:05', '2018-03-19 13:38:05', NULL),
(286, 1521488285, 38, 1, 10.00, 10.00, 3.00, 0.30, 0.00, 0.00, 0.00, 10.00, 10.00, 13, 1, 0, '2018-03-19 13:38:06', '2018-03-19 13:38:06', NULL),
(287, 1521488285, 37, 1, 10.00, 10.00, 3.00, 0.30, 0.00, 0.00, 0.00, 10.00, 10.00, 13, 1, 0, '2018-03-19 13:38:06', '2018-03-19 13:38:06', NULL),
(288, 1521488285, 36, 1, 11.00, 11.00, 3.00, 0.33, 0.00, 0.00, 0.00, 11.00, 11.00, 13, 1, 0, '2018-03-19 13:38:06', '2018-03-19 13:38:06', NULL),
(289, 1521488285, 35, 1, 10.00, 5.00, 3.00, 0.30, 0.00, 0.00, 0.00, 10.00, 5.00, 13, 1, 0, '2018-03-19 13:38:06', '2018-03-19 13:38:06', NULL),
(290, 1521488285, 34, 1, 10.00, 5.00, 3.00, 0.30, 0.00, 0.00, 0.00, 10.00, 5.00, 13, 1, 0, '2018-03-19 13:38:06', '2018-03-19 13:38:06', NULL),
(291, 1521488285, 33, 1, 20.00, 10.00, 3.00, 0.60, 0.00, 0.00, 0.00, 20.00, 10.00, 13, 1, 0, '2018-03-19 13:38:06', '2018-03-19 13:38:06', NULL),
(292, 1521488357, 44, 1, 22.00, 22.00, 3.00, 0.66, 0.00, 0.00, 0.00, 22.00, 22.00, 13, 1, 0, '2018-03-19 13:39:17', '2018-03-19 13:39:17', NULL),
(293, 1521488357, 43, 1, 20.00, 20.00, 3.00, 0.60, 0.00, 0.00, 0.00, 20.00, 20.00, 13, 1, 0, '2018-03-19 13:39:17', '2018-03-19 13:39:17', NULL),
(294, 1521488357, 42, 1, 10.00, 10.00, 3.00, 0.30, 0.00, 0.00, 0.00, 10.00, 10.00, 13, 1, 0, '2018-03-19 13:39:17', '2018-03-19 13:39:17', NULL),
(295, 1521488357, 41, 1, 4.00, 4.00, 3.00, 0.12, 0.00, 0.00, 0.00, 4.00, 4.00, 13, 1, 0, '2018-03-19 13:39:17', '2018-03-19 13:39:17', NULL),
(296, 1521488357, 40, 1, 20.00, 20.00, 3.00, 0.60, 0.00, 0.00, 0.00, 20.00, 20.00, 13, 1, 0, '2018-03-19 13:39:17', '2018-03-19 13:39:17', NULL),
(297, 1521488357, 39, 1, 11.00, 11.00, 3.00, 0.33, 0.00, 0.00, 0.00, 11.00, 11.00, 13, 1, 0, '2018-03-19 13:39:17', '2018-03-19 13:39:17', NULL),
(298, 1521488357, 38, 1, 10.00, 10.00, 3.00, 0.30, 0.00, 0.00, 0.00, 10.00, 10.00, 13, 1, 0, '2018-03-19 13:39:17', '2018-03-19 13:39:17', NULL),
(299, 1521488357, 37, 1, 10.00, 10.00, 3.00, 0.30, 0.00, 0.00, 0.00, 10.00, 10.00, 13, 1, 0, '2018-03-19 13:39:18', '2018-03-19 13:39:18', NULL),
(300, 1521488357, 36, 1, 11.00, 11.00, 3.00, 0.33, 0.00, 0.00, 0.00, 11.00, 11.00, 13, 1, 0, '2018-03-19 13:39:18', '2018-03-19 13:39:18', NULL),
(301, 1521488357, 35, 1, 10.00, 5.00, 3.00, 0.30, 0.00, 0.00, 0.00, 10.00, 5.00, 13, 1, 0, '2018-03-19 13:39:18', '2018-03-19 13:39:18', NULL),
(302, 1521488357, 34, 1, 10.00, 5.00, 3.00, 0.30, 0.00, 0.00, 0.00, 10.00, 5.00, 13, 1, 0, '2018-03-19 13:39:18', '2018-03-19 13:39:18', NULL),
(303, 1521488357, 33, 1, 20.00, 10.00, 3.00, 0.60, 0.00, 0.00, 0.00, 20.00, 10.00, 13, 1, 0, '2018-03-19 13:39:18', '2018-03-19 13:39:18', NULL),
(304, 1521488527, 44, 1, 22.00, 22.00, 3.00, 0.66, 0.00, 0.00, 0.00, 22.00, 22.00, 13, 1, 0, '2018-03-19 13:42:07', '2018-03-19 13:42:07', NULL),
(305, 1521488527, 43, 1, 20.00, 20.00, 3.00, 0.60, 0.00, 0.00, 0.00, 20.00, 20.00, 13, 1, 0, '2018-03-19 13:42:07', '2018-03-19 13:42:07', NULL),
(306, 1521488527, 42, 1, 10.00, 10.00, 3.00, 0.30, 0.00, 0.00, 0.00, 10.00, 10.00, 13, 1, 0, '2018-03-19 13:42:07', '2018-03-19 13:42:07', NULL),
(307, 1521488527, 41, 1, 4.00, 4.00, 3.00, 0.12, 0.00, 0.00, 0.00, 4.00, 4.00, 13, 1, 0, '2018-03-19 13:42:07', '2018-03-19 13:42:07', NULL),
(308, 1521488527, 40, 1, 20.00, 20.00, 3.00, 0.60, 0.00, 0.00, 0.00, 20.00, 20.00, 13, 1, 0, '2018-03-19 13:42:07', '2018-03-19 13:42:07', NULL),
(309, 1521488527, 39, 1, 11.00, 11.00, 3.00, 0.33, 0.00, 0.00, 0.00, 11.00, 11.00, 13, 1, 0, '2018-03-19 13:42:08', '2018-03-19 13:42:08', NULL),
(310, 1521488527, 38, 1, 10.00, 10.00, 3.00, 0.30, 0.00, 0.00, 0.00, 10.00, 10.00, 13, 1, 0, '2018-03-19 13:42:08', '2018-03-19 13:42:08', NULL),
(311, 1521488527, 37, 1, 10.00, 10.00, 3.00, 0.30, 0.00, 0.00, 0.00, 10.00, 10.00, 13, 1, 0, '2018-03-19 13:42:08', '2018-03-19 13:42:08', NULL),
(312, 1521488527, 36, 1, 11.00, 11.00, 3.00, 0.33, 0.00, 0.00, 0.00, 11.00, 11.00, 13, 1, 0, '2018-03-19 13:42:08', '2018-03-19 13:42:08', NULL),
(313, 1521488527, 35, 1, 10.00, 5.00, 3.00, 0.30, 0.00, 0.00, 0.00, 10.00, 5.00, 13, 1, 0, '2018-03-19 13:42:08', '2018-03-19 13:42:08', NULL),
(314, 1521488527, 34, 1, 10.00, 5.00, 3.00, 0.30, 0.00, 0.00, 0.00, 10.00, 5.00, 13, 1, 0, '2018-03-19 13:42:08', '2018-03-19 13:42:08', NULL),
(315, 1521488527, 33, 1, 20.00, 10.00, 3.00, 0.60, 0.00, 0.00, 0.00, 20.00, 10.00, 13, 1, 0, '2018-03-19 13:42:08', '2018-03-19 13:42:08', NULL),
(316, 1521488551, 44, 1, 22.00, 22.00, 3.00, 0.66, 0.00, 0.00, 0.00, 22.00, 22.00, 13, 1, 0, '2018-03-19 13:42:31', '2018-03-19 13:42:31', NULL),
(317, 1521488551, 43, 1, 20.00, 20.00, 3.00, 0.60, 0.00, 0.00, 0.00, 20.00, 20.00, 13, 1, 0, '2018-03-19 13:42:31', '2018-03-19 13:42:31', NULL),
(318, 1521488551, 42, 1, 10.00, 10.00, 3.00, 0.30, 0.00, 0.00, 0.00, 10.00, 10.00, 13, 1, 0, '2018-03-19 13:42:31', '2018-03-19 13:42:31', NULL),
(319, 1521488551, 41, 1, 4.00, 4.00, 3.00, 0.12, 0.00, 0.00, 0.00, 4.00, 4.00, 13, 1, 0, '2018-03-19 13:42:31', '2018-03-19 13:42:31', NULL),
(320, 1521488551, 40, 1, 20.00, 20.00, 3.00, 0.60, 0.00, 0.00, 0.00, 20.00, 20.00, 13, 1, 0, '2018-03-19 13:42:31', '2018-03-19 13:42:31', NULL),
(321, 1521488551, 39, 1, 11.00, 11.00, 3.00, 0.33, 0.00, 0.00, 0.00, 11.00, 11.00, 13, 1, 0, '2018-03-19 13:42:31', '2018-03-19 13:42:31', NULL),
(322, 1521488551, 38, 1, 10.00, 10.00, 3.00, 0.30, 0.00, 0.00, 0.00, 10.00, 10.00, 13, 1, 0, '2018-03-19 13:42:32', '2018-03-19 13:42:32', NULL),
(323, 1521488551, 37, 1, 10.00, 10.00, 3.00, 0.30, 0.00, 0.00, 0.00, 10.00, 10.00, 13, 1, 0, '2018-03-19 13:42:32', '2018-03-19 13:42:32', NULL),
(324, 1521488551, 36, 1, 11.00, 11.00, 3.00, 0.33, 0.00, 0.00, 0.00, 11.00, 11.00, 13, 1, 0, '2018-03-19 13:42:32', '2018-03-19 13:42:32', NULL),
(325, 1521488551, 35, 1, 10.00, 5.00, 3.00, 0.30, 0.00, 0.00, 0.00, 10.00, 5.00, 13, 1, 0, '2018-03-19 13:42:32', '2018-03-19 13:42:32', NULL),
(326, 1521488551, 34, 1, 10.00, 5.00, 3.00, 0.30, 0.00, 0.00, 0.00, 10.00, 5.00, 13, 1, 0, '2018-03-19 13:42:32', '2018-03-19 13:42:32', NULL),
(327, 1521488551, 33, 1, 20.00, 10.00, 3.00, 0.60, 0.00, 0.00, 0.00, 20.00, 10.00, 13, 1, 0, '2018-03-19 13:42:32', '2018-03-19 13:42:32', NULL),
(328, 1521489171, 44, 1, 22.00, 22.00, 3.00, 0.66, 0.00, 0.00, 0.00, 22.00, 22.00, 13, 1, 0, '2018-03-19 13:52:51', '2018-03-19 13:52:51', NULL),
(329, 1521489171, 43, 1, 20.00, 20.00, 3.00, 0.60, 0.00, 0.00, 0.00, 20.00, 20.00, 13, 1, 0, '2018-03-19 13:52:51', '2018-03-19 13:52:51', NULL),
(330, 1521489171, 42, 1, 10.00, 10.00, 3.00, 0.30, 0.00, 0.00, 0.00, 10.00, 10.00, 13, 1, 0, '2018-03-19 13:52:51', '2018-03-19 13:52:51', NULL),
(331, 1521489171, 41, 1, 4.00, 4.00, 3.00, 0.12, 0.00, 0.00, 0.00, 4.00, 4.00, 13, 1, 0, '2018-03-19 13:52:52', '2018-03-19 13:52:52', NULL),
(332, 1521489171, 40, 1, 20.00, 20.00, 3.00, 0.60, 0.00, 0.00, 0.00, 20.00, 20.00, 13, 1, 0, '2018-03-19 13:52:52', '2018-03-19 13:52:52', NULL),
(333, 1521489171, 39, 1, 11.00, 11.00, 3.00, 0.33, 0.00, 0.00, 0.00, 11.00, 11.00, 13, 1, 0, '2018-03-19 13:52:52', '2018-03-19 13:52:52', NULL),
(334, 1521489171, 38, 1, 10.00, 10.00, 3.00, 0.30, 0.00, 0.00, 0.00, 10.00, 10.00, 13, 1, 0, '2018-03-19 13:52:52', '2018-03-19 13:52:52', NULL),
(335, 1521489171, 37, 1, 10.00, 10.00, 3.00, 0.30, 0.00, 0.00, 0.00, 10.00, 10.00, 13, 1, 0, '2018-03-19 13:52:52', '2018-03-19 13:52:52', NULL),
(336, 1521489171, 36, 1, 11.00, 11.00, 3.00, 0.33, 0.00, 0.00, 0.00, 11.00, 11.00, 13, 1, 0, '2018-03-19 13:52:53', '2018-03-19 13:52:53', NULL),
(337, 1521489171, 35, 1, 10.00, 5.00, 3.00, 0.30, 0.00, 0.00, 0.00, 10.00, 5.00, 13, 1, 0, '2018-03-19 13:52:53', '2018-03-19 13:52:53', NULL),
(338, 1521489171, 34, 1, 10.00, 5.00, 3.00, 0.30, 0.00, 0.00, 0.00, 10.00, 5.00, 13, 1, 0, '2018-03-19 13:52:53', '2018-03-19 13:52:53', NULL),
(339, 1521489171, 33, 1, 20.00, 10.00, 3.00, 0.60, 0.00, 0.00, 0.00, 20.00, 10.00, 13, 1, 0, '2018-03-19 13:52:53', '2018-03-19 13:52:53', NULL),
(340, 1521489281, 44, 1, 22.00, 22.00, 3.00, 0.66, 0.00, 0.00, 0.00, 22.00, 22.00, 13, 1, 0, '2018-03-19 13:54:41', '2018-03-19 13:54:41', NULL),
(341, 1521489281, 43, 1, 20.00, 20.00, 3.00, 0.60, 0.00, 0.00, 0.00, 20.00, 20.00, 13, 1, 0, '2018-03-19 13:54:41', '2018-03-19 13:54:41', NULL),
(342, 1521489281, 42, 1, 10.00, 10.00, 3.00, 0.30, 0.00, 0.00, 0.00, 10.00, 10.00, 13, 1, 0, '2018-03-19 13:54:41', '2018-03-19 13:54:41', NULL),
(343, 1521489281, 41, 1, 4.00, 4.00, 3.00, 0.12, 0.00, 0.00, 0.00, 4.00, 4.00, 13, 1, 0, '2018-03-19 13:54:41', '2018-03-19 13:54:41', NULL);
INSERT INTO `lsp_invoice_products` (`id`, `invoice_id`, `product_id`, `quantity`, `price`, `cost`, `tax_percent`, `tax_amount`, `discount_percent`, `discount_amount`, `cupon_amount`, `total_price`, `total_cost`, `store_id`, `created_by`, `updated_by`, `created_at`, `updated_at`, `deleted_at`) VALUES
(344, 1521489281, 40, 1, 20.00, 20.00, 3.00, 0.60, 0.00, 0.00, 0.00, 20.00, 20.00, 13, 1, 0, '2018-03-19 13:54:41', '2018-03-19 13:54:41', NULL),
(345, 1521489281, 39, 1, 11.00, 11.00, 3.00, 0.33, 0.00, 0.00, 0.00, 11.00, 11.00, 13, 1, 0, '2018-03-19 13:54:41', '2018-03-19 13:54:41', NULL),
(346, 1521489281, 38, 1, 10.00, 10.00, 3.00, 0.30, 0.00, 0.00, 0.00, 10.00, 10.00, 13, 1, 0, '2018-03-19 13:54:41', '2018-03-19 13:54:41', NULL),
(347, 1521489281, 37, 1, 10.00, 10.00, 3.00, 0.30, 0.00, 0.00, 0.00, 10.00, 10.00, 13, 1, 0, '2018-03-19 13:54:41', '2018-03-19 13:54:41', NULL),
(348, 1521489281, 36, 1, 11.00, 11.00, 3.00, 0.33, 0.00, 0.00, 0.00, 11.00, 11.00, 13, 1, 0, '2018-03-19 13:54:42', '2018-03-19 13:54:42', NULL),
(349, 1521489281, 35, 1, 10.00, 5.00, 3.00, 0.30, 0.00, 0.00, 0.00, 10.00, 5.00, 13, 1, 0, '2018-03-19 13:54:42', '2018-03-19 13:54:42', NULL),
(350, 1521489281, 34, 1, 10.00, 5.00, 3.00, 0.30, 0.00, 0.00, 0.00, 10.00, 5.00, 13, 1, 0, '2018-03-19 13:54:42', '2018-03-19 13:54:42', NULL),
(351, 1521489281, 33, 1, 20.00, 10.00, 3.00, 0.60, 0.00, 0.00, 0.00, 20.00, 10.00, 13, 1, 0, '2018-03-19 13:54:42', '2018-03-19 13:54:42', NULL),
(352, 1521490160, 1, 2, 1.22, 1.00, 3.00, 0.07, 0.00, 0.00, 0.00, 2.44, 2.00, 13, 1, 0, '2018-03-19 15:13:24', '2018-03-19 15:13:24', NULL),
(353, 1521490160, 3, 2, 100.00, 50.00, 3.00, 6.00, 0.00, 0.00, 0.00, 200.00, 100.00, 13, 1, 0, '2018-03-19 15:13:24', '2018-03-19 15:13:24', NULL),
(354, 1521490160, 1, 2, 1.22, 1.00, 3.00, 0.07, 0.00, 0.00, 0.00, 2.44, 2.00, 13, 1, 0, '2018-03-19 15:13:33', '2018-03-19 15:13:33', NULL),
(355, 1521490160, 3, 2, 100.00, 50.00, 3.00, 6.00, 0.00, 0.00, 0.00, 200.00, 100.00, 13, 1, 0, '2018-03-19 15:13:33', '2018-03-19 15:13:33', NULL),
(356, 1521490160, 1, 2, 1.22, 1.00, 3.00, 0.07, 0.00, 0.00, 0.00, 2.44, 2.00, 13, 1, 0, '2018-03-19 15:14:02', '2018-03-19 15:14:02', NULL),
(357, 1521490160, 3, 2, 100.00, 50.00, 3.00, 6.00, 0.00, 0.00, 0.00, 200.00, 100.00, 13, 1, 0, '2018-03-19 15:14:03', '2018-03-19 15:14:03', NULL),
(358, 1521494043, 44, 1, 22.00, 22.00, 3.00, 0.66, 0.00, 0.00, 0.00, 22.00, 22.00, 13, 1, 0, '2018-03-19 15:14:53', '2018-03-19 15:14:53', NULL),
(359, 1521494043, 43, 1, 20.00, 20.00, 3.00, 0.60, 0.00, 0.00, 0.00, 20.00, 20.00, 13, 1, 0, '2018-03-19 15:14:54', '2018-03-19 15:14:54', NULL),
(360, 1521494043, 42, 1, 10.00, 10.00, 3.00, 0.30, 0.00, 0.00, 0.00, 10.00, 10.00, 13, 1, 0, '2018-03-19 15:14:54', '2018-03-19 15:14:54', NULL),
(361, 1521494043, 41, 1, 4.00, 4.00, 3.00, 0.12, 0.00, 0.00, 0.00, 4.00, 4.00, 13, 1, 0, '2018-03-19 15:14:54', '2018-03-19 15:14:54', NULL),
(362, 1521494094, 44, 3, 22.00, 22.00, 3.00, 1.98, 0.00, 0.00, 0.00, 66.00, 66.00, 13, 1, 0, '2018-03-19 15:17:32', '2018-03-19 15:17:32', NULL),
(363, 1521494094, 34, 1, 10.00, 5.00, 3.00, 0.30, 0.00, 0.00, 0.00, 10.00, 5.00, 13, 1, 0, '2018-03-19 15:17:33', '2018-03-19 15:17:33', NULL),
(364, 1521494094, 39, 8, 11.00, 11.00, 3.00, 2.64, 0.00, 0.00, 0.00, 88.00, 88.00, 13, 1, 0, '2018-03-19 15:17:33', '2018-03-19 15:17:33', NULL),
(365, 1521494094, 37, 2, 10.00, 10.00, 3.00, 0.60, 0.00, 0.00, 0.00, 20.00, 20.00, 13, 1, 0, '2018-03-19 15:17:33', '2018-03-19 15:17:33', NULL),
(366, 1521494094, 30, 6, 2.00, 1.00, 3.00, 0.36, 0.00, 0.00, 0.00, 12.00, 6.00, 13, 1, 0, '2018-03-19 15:17:33', '2018-03-19 15:17:33', NULL),
(367, 1521494094, 32, 4, 10.00, 5.00, 3.00, 1.20, 0.00, 0.00, 0.00, 40.00, 20.00, 13, 1, 0, '2018-03-19 15:17:33', '2018-03-19 15:17:33', NULL),
(368, 1521494094, 41, 3, 4.00, 4.00, 3.00, 0.36, 0.00, 0.00, 0.00, 12.00, 12.00, 13, 1, 0, '2018-03-19 15:17:33', '2018-03-19 15:17:33', NULL),
(369, 1521494094, 27, 2, 47.00, 42.00, 3.00, 2.82, 0.00, 0.00, 0.00, 94.00, 84.00, 13, 1, 0, '2018-03-19 15:17:33', '2018-03-19 15:17:33', NULL),
(370, 1521494094, 22, 4, 14.00, 9.00, 3.00, 1.68, 0.00, 0.00, 0.00, 56.00, 36.00, 13, 1, 0, '2018-03-19 15:17:34', '2018-03-19 15:17:34', NULL),
(371, 1521494094, 18, 2, 26.00, 21.00, 3.00, 1.56, 0.00, 0.00, 0.00, 52.00, 42.00, 13, 1, 0, '2018-03-19 15:17:34', '2018-03-19 15:17:34', NULL),
(372, 1521494094, 14, 2, 22.00, 22.00, 3.00, 1.32, 0.00, 0.00, 0.00, 44.00, 44.00, 13, 1, 0, '2018-03-19 15:17:34', '2018-03-19 15:17:34', NULL),
(373, 1521494094, 25, 2, 45.00, 40.00, 3.00, 2.70, 0.00, 0.00, 0.00, 90.00, 80.00, 13, 1, 0, '2018-03-19 15:17:34', '2018-03-19 15:17:34', NULL),
(374, 1521494094, 4, 5, 19.00, 12.00, 3.00, 2.85, 0.00, 0.00, 0.00, 95.00, 60.00, 13, 1, 0, '2018-03-19 15:17:34', '2018-03-19 15:17:34', NULL),
(375, 1521494094, 1, 5, 1.22, 1.00, 3.00, 0.18, 0.00, 0.00, 0.00, 6.10, 5.00, 13, 1, 0, '2018-03-19 15:17:34', '2018-03-19 15:17:34', NULL),
(376, 1521494094, 7, 4, 12.00, 10.00, 3.00, 1.44, 0.00, 0.00, 0.00, 48.00, 40.00, 13, 1, 0, '2018-03-19 15:17:34', '2018-03-19 15:17:34', NULL),
(377, 1521494094, 11, 4, 32.00, 27.00, 3.00, 3.84, 0.00, 0.00, 0.00, 128.00, 108.00, 13, 1, 0, '2018-03-19 15:17:34', '2018-03-19 15:17:34', NULL),
(378, 1521494094, 10, 4, 32.00, 27.00, 3.00, 3.84, 0.00, 0.00, 0.00, 128.00, 108.00, 13, 1, 0, '2018-03-19 15:17:35', '2018-03-19 15:17:35', NULL),
(379, 1521494094, 9, 4, 38.00, 33.00, 3.00, 4.56, 0.00, 0.00, 0.00, 152.00, 132.00, 13, 1, 0, '2018-03-19 15:17:35', '2018-03-19 15:17:35', NULL),
(380, 1521494094, 3, 2, 100.00, 50.00, 3.00, 6.00, 0.00, 0.00, 0.00, 200.00, 100.00, 13, 1, 0, '2018-03-19 15:17:35', '2018-03-19 15:17:35', NULL),
(381, 1521494094, 6, 2, 15.00, 11.25, 3.00, 0.90, 0.00, 0.00, 0.00, 30.00, 22.50, 13, 1, 0, '2018-03-19 15:17:35', '2018-03-19 15:17:35', NULL),
(382, 1521494094, 5, 2, 38.00, 33.00, 3.00, 2.28, 0.00, 0.00, 0.00, 76.00, 66.00, 13, 1, 0, '2018-03-19 15:17:35', '2018-03-19 15:17:35', NULL),
(383, 1521566125, 44, 1, 22.00, 22.00, 3.00, 0.66, 0.00, 0.00, 0.00, 22.00, 22.00, 13, 1, 0, '2018-03-20 11:15:28', '2018-03-20 11:15:28', NULL),
(384, 1521566125, 43, 1, 20.00, 20.00, 3.00, 0.60, 0.00, 0.00, 0.00, 20.00, 20.00, 13, 1, 0, '2018-03-20 11:15:29', '2018-03-20 11:15:29', NULL),
(385, 1521566125, 42, 1, 10.00, 10.00, 3.00, 0.30, 0.00, 0.00, 0.00, 10.00, 10.00, 13, 1, 0, '2018-03-20 11:15:29', '2018-03-20 11:15:29', NULL),
(386, 1521566125, 41, 1, 4.00, 4.00, 3.00, 0.12, 0.00, 0.00, 0.00, 4.00, 4.00, 13, 1, 0, '2018-03-20 11:15:29', '2018-03-20 11:15:29', NULL),
(387, 1521566125, 40, 1, 20.00, 20.00, 3.00, 0.60, 0.00, 0.00, 0.00, 20.00, 20.00, 13, 1, 0, '2018-03-20 11:15:29', '2018-03-20 11:15:29', NULL),
(388, 1521566125, 39, 1, 11.00, 11.00, 3.00, 0.33, 0.00, 0.00, 0.00, 11.00, 11.00, 13, 1, 0, '2018-03-20 11:15:29', '2018-03-20 11:15:29', NULL),
(389, 1521566125, 38, 1, 10.00, 10.00, 3.00, 0.30, 0.00, 0.00, 0.00, 10.00, 10.00, 13, 1, 0, '2018-03-20 11:15:29', '2018-03-20 11:15:29', NULL),
(390, 1521566125, 37, 1, 10.00, 10.00, 3.00, 0.30, 0.00, 0.00, 0.00, 10.00, 10.00, 13, 1, 0, '2018-03-20 11:15:29', '2018-03-20 11:15:29', NULL),
(391, 1521566130, 28, 1, 47.00, 42.00, 3.00, 1.41, 0.00, 0.00, 0.00, 47.00, 42.00, 13, 1, 0, '2018-03-20 11:27:08', '2018-03-20 11:27:08', NULL),
(392, 1521566130, 27, 1, 47.00, 42.00, 3.00, 1.41, 0.00, 0.00, 0.00, 47.00, 42.00, 13, 1, 0, '2018-03-20 11:27:08', '2018-03-20 11:27:08', NULL),
(393, 1521566130, 26, 1, 45.00, 40.00, 3.00, 1.35, 0.00, 0.00, 0.00, 45.00, 40.00, 13, 1, 0, '2018-03-20 11:27:08', '2018-03-20 11:27:08', NULL),
(394, 1521566130, 25, 1, 45.00, 40.00, 3.00, 1.35, 0.00, 0.00, 0.00, 45.00, 40.00, 13, 1, 0, '2018-03-20 11:27:08', '2018-03-20 11:27:08', NULL),
(395, 1521566130, 24, 1, 165.00, 155.00, 3.00, 4.95, 0.00, 0.00, 0.00, 165.00, 155.00, 13, 1, 0, '2018-03-20 11:27:08', '2018-03-20 11:27:08', NULL),
(396, 1521566130, 23, 1, 30.00, 30.00, 3.00, 0.90, 0.00, 0.00, 0.00, 30.00, 30.00, 13, 1, 0, '2018-03-20 11:27:08', '2018-03-20 11:27:08', NULL),
(397, 1521752981, 44, 4, 22.00, 22.00, 3.00, 2.64, 0.00, 0.00, 0.00, 88.00, 88.00, 13, 1, 0, '2018-03-22 15:58:43', '2018-03-22 15:58:43', NULL),
(398, 1521752981, 43, 1, 20.00, 20.00, 3.00, 0.60, 0.00, 0.00, 0.00, 20.00, 20.00, 13, 1, 0, '2018-03-22 15:58:43', '2018-03-22 15:58:43', NULL),
(399, 1521752981, 42, 2, 10.00, 10.00, 3.00, 0.60, 0.00, 0.00, 0.00, 20.00, 20.00, 13, 1, 0, '2018-03-22 15:58:44', '2018-03-22 15:58:44', NULL),
(400, 1521752981, 41, 1, 4.00, 4.00, 3.00, 0.12, 0.00, 0.00, 0.00, 4.00, 4.00, 13, 1, 0, '2018-03-22 15:58:44', '2018-03-22 15:58:44', NULL),
(401, 1521752981, 40, 1, 20.00, 20.00, 3.00, 0.60, 0.00, 0.00, 0.00, 20.00, 20.00, 13, 1, 0, '2018-03-22 15:58:44', '2018-03-22 15:58:44', NULL),
(402, 1521752981, 39, 1, 11.00, 11.00, 3.00, 0.33, 0.00, 0.00, 0.00, 11.00, 11.00, 13, 1, 0, '2018-03-22 15:58:44', '2018-03-22 15:58:44', NULL),
(403, 1521752981, 38, 1, 10.00, 10.00, 3.00, 0.30, 0.00, 0.00, 0.00, 10.00, 10.00, 13, 1, 0, '2018-03-22 15:58:44', '2018-03-22 15:58:44', NULL),
(404, 1521752981, 37, 1, 10.00, 10.00, 3.00, 0.30, 0.00, 0.00, 0.00, 10.00, 10.00, 13, 1, 0, '2018-03-22 15:58:45', '2018-03-22 15:58:45', NULL),
(405, 1521752981, 44, 4, 22.00, 22.00, 3.00, 2.64, 0.00, 0.00, 0.00, 88.00, 88.00, 13, 1, 0, '2018-03-22 15:59:11', '2018-03-22 15:59:11', NULL),
(406, 1521752981, 43, 1, 20.00, 20.00, 3.00, 0.60, 0.00, 0.00, 0.00, 20.00, 20.00, 13, 1, 0, '2018-03-22 15:59:11', '2018-03-22 15:59:11', NULL),
(407, 1521752981, 42, 2, 10.00, 10.00, 3.00, 0.60, 0.00, 0.00, 0.00, 20.00, 20.00, 13, 1, 0, '2018-03-22 15:59:11', '2018-03-22 15:59:11', NULL),
(408, 1521752981, 41, 1, 4.00, 4.00, 3.00, 0.12, 0.00, 0.00, 0.00, 4.00, 4.00, 13, 1, 0, '2018-03-22 15:59:11', '2018-03-22 15:59:11', NULL),
(409, 1521752981, 40, 1, 20.00, 20.00, 3.00, 0.60, 0.00, 0.00, 0.00, 20.00, 20.00, 13, 1, 0, '2018-03-22 15:59:12', '2018-03-22 15:59:12', NULL),
(410, 1521752981, 39, 1, 11.00, 11.00, 3.00, 0.33, 0.00, 0.00, 0.00, 11.00, 11.00, 13, 1, 0, '2018-03-22 15:59:12', '2018-03-22 15:59:12', NULL),
(411, 1521752981, 38, 1, 10.00, 10.00, 3.00, 0.30, 0.00, 0.00, 0.00, 10.00, 10.00, 13, 1, 0, '2018-03-22 15:59:12', '2018-03-22 15:59:12', NULL),
(412, 1521752981, 37, 1, 10.00, 10.00, 3.00, 0.30, 0.00, 0.00, 0.00, 10.00, 10.00, 13, 1, 0, '2018-03-22 15:59:12', '2018-03-22 15:59:12', NULL),
(413, 1521752981, 44, 4, 22.00, 22.00, 3.00, 2.64, 0.00, 0.00, 0.00, 88.00, 88.00, 13, 1, 0, '2018-03-22 16:01:59', '2018-03-22 16:01:59', NULL),
(414, 1521752981, 43, 1, 20.00, 20.00, 3.00, 0.60, 0.00, 0.00, 0.00, 20.00, 20.00, 13, 1, 0, '2018-03-22 16:01:59', '2018-03-22 16:01:59', NULL),
(415, 1521752981, 42, 2, 10.00, 10.00, 3.00, 0.60, 0.00, 0.00, 0.00, 20.00, 20.00, 13, 1, 0, '2018-03-22 16:02:00', '2018-03-22 16:02:00', NULL),
(416, 1521752981, 41, 1, 4.00, 4.00, 3.00, 0.12, 0.00, 0.00, 0.00, 4.00, 4.00, 13, 1, 0, '2018-03-22 16:02:00', '2018-03-22 16:02:00', NULL),
(417, 1521752981, 40, 1, 20.00, 20.00, 3.00, 0.60, 0.00, 0.00, 0.00, 20.00, 20.00, 13, 1, 0, '2018-03-22 16:02:00', '2018-03-22 16:02:00', NULL),
(418, 1521752981, 39, 1, 11.00, 11.00, 3.00, 0.33, 0.00, 0.00, 0.00, 11.00, 11.00, 13, 1, 0, '2018-03-22 16:02:00', '2018-03-22 16:02:00', NULL),
(419, 1521752981, 38, 1, 10.00, 10.00, 3.00, 0.30, 0.00, 0.00, 0.00, 10.00, 10.00, 13, 1, 0, '2018-03-22 16:02:01', '2018-03-22 16:02:01', NULL),
(420, 1521752981, 37, 1, 10.00, 10.00, 3.00, 0.30, 0.00, 0.00, 0.00, 10.00, 10.00, 13, 1, 0, '2018-03-22 16:02:01', '2018-03-22 16:02:01', NULL),
(421, 1521756122, 44, 3, 22.00, 22.00, 3.00, 1.98, 0.00, 0.00, 0.00, 66.00, 66.00, 13, 1, 0, '2018-03-22 16:23:29', '2018-03-23 12:19:25', '2018-03-23 12:19:25'),
(422, 1521756122, 35, 3, 10.00, 5.00, 3.00, 0.90, 0.00, 0.00, 0.00, 30.00, 15.00, 13, 1, 0, '2018-03-22 16:23:29', '2018-03-23 12:19:25', '2018-03-23 12:19:25'),
(423, 1521757410, 44, 4, 22.00, 22.00, 3.00, 2.64, 0.00, 0.00, 0.00, 88.00, 88.00, 13, 1, 0, '2018-03-22 16:25:42', '2018-03-22 16:25:42', NULL),
(424, 1521757410, 43, 3, 20.00, 20.00, 3.00, 1.80, 0.00, 0.00, 0.00, 60.00, 60.00, 13, 1, 0, '2018-03-22 16:25:42', '2018-03-22 16:25:42', NULL),
(425, 1521759827, 4, 1, 19.00, 12.00, 0.00, 0.00, 0.00, 0.00, 0.00, 19.00, 12.00, 13, 1, 0, '2018-03-22 17:03:47', '2018-03-22 17:03:47', NULL),
(426, 1521759827, 4, 1, 19.00, 12.00, 0.00, 0.00, 0.00, 0.00, 0.00, 19.00, 12.00, 13, 1, 0, '2018-03-22 17:03:47', '2018-03-22 17:03:47', NULL),
(427, 1521756122, 44, 3, 22.00, 22.00, 0.00, 0.00, 0.00, 0.00, 0.00, 66.00, 66.00, 13, 1, 1, '2018-03-23 12:19:25', '2018-03-23 12:19:25', NULL),
(428, 1521756122, 35, 3, 10.00, 5.00, 0.00, 0.00, 0.00, 0.00, 0.00, 30.00, 15.00, 13, 1, 1, '2018-03-23 12:19:26', '2018-03-23 12:19:26', NULL),
(429, 1521846193, 44, 4, 22.00, 22.00, 3.00, 2.64, 0.00, 0.00, 0.00, 88.00, 88.00, 13, 1, 0, '2018-03-23 17:03:13', '2018-03-23 17:03:13', NULL),
(430, 1521846193, 40, 3, 20.00, 20.00, 3.00, 1.80, 0.00, 0.00, 0.00, 60.00, 60.00, 13, 1, 0, '2018-03-23 17:03:13', '2018-03-23 17:03:13', NULL);

-- --------------------------------------------------------

--
-- Table structure for table `lsp_invoice_profits`
--

CREATE TABLE `lsp_invoice_profits` (
  `id` int(10) UNSIGNED NOT NULL,
  `invoice_id` int(11) NOT NULL,
  `invoice_datetime` datetime NOT NULL,
  `customer_id` int(11) NOT NULL,
  `customer_name` varchar(191) COLLATE utf8mb4_unicode_ci NOT NULL,
  `invoice_total_amount` double(8,2) NOT NULL,
  `invoice_cost_total_amount` double(8,2) NOT NULL,
  `profit` double(8,2) NOT NULL,
  `store_id` int(11) NOT NULL,
  `created_by` int(11) NOT NULL,
  `updated_by` int(11) NOT NULL,
  `created_at` timestamp NULL DEFAULT NULL,
  `updated_at` timestamp NULL DEFAULT NULL,
  `deleted_at` timestamp NULL DEFAULT NULL
) ENGINE=InnoDB DEFAULT CHARSET=utf8mb4 COLLATE=utf8mb4_unicode_ci;

-- --------------------------------------------------------

--
-- Table structure for table `lsp_migrations`
--

CREATE TABLE `lsp_migrations` (
  `id` int(10) UNSIGNED NOT NULL,
  `migration` varchar(191) COLLATE utf8mb4_unicode_ci NOT NULL,
  `batch` int(11) NOT NULL
) ENGINE=InnoDB DEFAULT CHARSET=utf8mb4 COLLATE=utf8mb4_unicode_ci;

--
-- Dumping data for table `lsp_migrations`
--

INSERT INTO `lsp_migrations` (`id`, `migration`, `batch`) VALUES
(1, '2014_10_12_000000_create_users_table', 1),
(2, '2014_10_12_100000_create_password_resets_table', 1),
(14, '2018_02_14_165142_create_customers_table', 2),
(15, '2018_02_14_165308_create_products_table', 2),
(16, '2018_02_14_165452_create_product_stockins_table', 2),
(17, '2018_02_14_165515_create_invoices_table', 2),
(18, '2018_02_14_165549_create_invoice_products_table', 2),
(19, '2018_02_14_165610_create_invoice_payments_table', 2),
(20, '2018_02_14_165638_create_product_variances_table', 2),
(21, '2018_02_14_165731_create_product_profits_table', 2),
(22, '2018_02_14_165826_create_product_variance_datas_table', 2),
(23, '2018_02_14_165848_create_tenders_table', 2),
(24, '2018_02_14_172725_create_activities_table', 2),
(25, '2018_02_14_184104_create_invoice_profits_table', 2),
(26, '2018_02_17_182452_create_product_stockin_invoices_table', 3),
(27, '2018_02_25_204411_create_warranties_table', 4),
(28, '2018_02_28_182342_create_warranty_products_table', 4),
(29, '2018_03_02_234443_create_retail_pos_summaries_table', 5),
(30, '2018_03_04_201055_create_retail_pos_summary_date_wises_table', 6),
(31, '2018_03_16_170216_create_pos_settings_table', 7),
(32, '2018_03_26_190331_create_site_settings_table', 8);

-- --------------------------------------------------------

--
-- Table structure for table `lsp_password_resets`
--

CREATE TABLE `lsp_password_resets` (
  `email` varchar(191) COLLATE utf8mb4_unicode_ci NOT NULL,
  `token` varchar(191) COLLATE utf8mb4_unicode_ci NOT NULL,
  `created_at` timestamp NULL DEFAULT NULL
) ENGINE=InnoDB DEFAULT CHARSET=utf8mb4 COLLATE=utf8mb4_unicode_ci;

-- --------------------------------------------------------

--
-- Table structure for table `lsp_pos_settings`
--

CREATE TABLE `lsp_pos_settings` (
  `id` int(10) UNSIGNED NOT NULL,
  `invoice_layout` int(1) NOT NULL DEFAULT '1',
  `pos_item` int(11) NOT NULL DEFAULT '16',
  `sales_tax` decimal(5,2) NOT NULL,
  `sales_discount` decimal(5,2) NOT NULL,
  `discount_type` int(1) NOT NULL DEFAULT '1',
  `store_id` int(11) NOT NULL,
  `created_by` int(11) NOT NULL,
  `updated_by` int(11) NOT NULL,
  `created_at` timestamp NULL DEFAULT NULL,
  `updated_at` timestamp NULL DEFAULT NULL,
  `deleted_at` timestamp NULL DEFAULT NULL
) ENGINE=InnoDB DEFAULT CHARSET=utf8mb4 COLLATE=utf8mb4_unicode_ci;

--
-- Dumping data for table `lsp_pos_settings`
--

INSERT INTO `lsp_pos_settings` (`id`, `invoice_layout`, `pos_item`, `sales_tax`, `sales_discount`, `discount_type`, `store_id`, `created_by`, `updated_by`, `created_at`, `updated_at`, `deleted_at`) VALUES
(1, 1, 16, '3.00', '5.00', 2, 13, 1, 1, '2018-03-16 14:19:45', '2018-03-22 13:56:05', NULL);

-- --------------------------------------------------------

--
-- Table structure for table `lsp_products`
--

CREATE TABLE `lsp_products` (
  `id` int(10) UNSIGNED NOT NULL,
  `name` varchar(191) COLLATE utf8mb4_unicode_ci NOT NULL,
  `detail` text COLLATE utf8mb4_unicode_ci NOT NULL,
  `quantity` int(11) NOT NULL,
  `price` double(8,2) NOT NULL,
  `cost` double(8,2) NOT NULL,
  `sold_times` int(11) NOT NULL,
  `store_id` int(11) NOT NULL,
  `created_by` int(11) NOT NULL,
  `updated_by` int(11) NOT NULL,
  `created_at` timestamp NULL DEFAULT NULL,
  `updated_at` timestamp NULL DEFAULT NULL,
  `deleted_at` timestamp NULL DEFAULT NULL
) ENGINE=InnoDB DEFAULT CHARSET=utf8mb4 COLLATE=utf8mb4_unicode_ci;

--
-- Dumping data for table `lsp_products`
--

INSERT INTO `lsp_products` (`id`, `name`, `detail`, `quantity`, `price`, `cost`, `sold_times`, `store_id`, `created_by`, `updated_by`, `created_at`, `updated_at`, `deleted_at`) VALUES
(1, 'Brand Custom-S', '', -12, 1.22, 1.00, 10, 13, 1, 1, '2018-02-14 16:38:59', '2018-03-19 15:17:34', NULL),
(2, 'Amit 2.5 GB', '', 2, 2.45, 1.25, 0, 13, 1, 0, '2018-02-14 16:41:07', '2018-02-14 16:43:19', '2018-02-14 16:43:19'),
(3, 'Glassware', '', 8, 100.00, 50.00, 5, 13, 1, 0, '2018-02-14 16:41:50', '2018-03-19 15:17:35', NULL),
(4, 'iPhone 5 LCD White - Premium', '', 32, 19.00, 12.00, 5, 13, 1, 0, '2018-02-15 13:26:40', '2018-03-22 17:03:47', NULL),
(5, 'iPhone 6S Plus LCD Black - Premium', '', 217, 38.00, 33.00, 1, 13, 1, 0, '2018-02-15 13:28:39', '2018-03-19 15:17:35', NULL),
(6, 'Small Parts', '', -7, 15.00, 11.25, 13, 13, 1, 0, '2018-02-15 13:30:13', '2018-03-19 15:17:35', NULL),
(7, 'Battery', '', -4, 12.00, 10.00, 1, 13, 1, 0, '2018-02-15 13:40:44', '2018-03-19 15:17:34', NULL),
(8, 'iPad 2 Digi', '', 11, 14.00, 9.00, 0, 13, 1, 0, '2018-02-15 13:41:38', '2018-03-02 15:20:58', '2018-03-02 15:20:58'),
(9, 'iPhone 6S Plus LCD White - Premium', '', 308, 38.00, 33.00, 1, 13, 1, 0, '2018-02-15 13:42:48', '2018-03-19 15:17:35', NULL),
(10, 'iPhone 6S LCD White - Premium', '', 410, 32.00, 27.00, 1, 13, 1, 0, '2018-02-15 13:44:11', '2018-03-19 15:17:35', NULL),
(11, 'iPhone 6S LCD Black - Premium', '', 336, 32.00, 27.00, 1, 13, 1, 0, '2018-02-15 13:48:46', '2018-03-19 15:17:34', NULL),
(12, 'Phone 5 LCD Black - Premium', '', 29, 19.00, 12.00, 0, 13, 1, 0, '2018-02-15 13:50:07', '2018-02-15 13:50:07', NULL),
(13, 'iPhone 5C LCD Black - Premium', '', 101, 19.00, 12.00, 0, 13, 1, 0, '2018-02-15 13:52:01', '2018-02-15 13:52:01', NULL),
(14, 'iPhone 5SE LCD White - Premium', '', 169, 22.00, 22.00, 1, 13, 1, 0, '2018-02-15 13:53:48', '2018-03-19 15:17:34', NULL),
(15, 'iPhone 5SE LCD Black - Premium', '', 164, 22.00, 22.00, 0, 13, 1, 0, '2018-02-15 13:55:26', '2018-02-15 13:55:26', NULL),
(16, 'iPhone 6 LCD White - Premium', '', 510, 23.00, 18.00, 0, 13, 1, 0, '2018-02-15 13:56:59', '2018-02-15 13:56:59', NULL),
(17, 'iPhone 6 LCD Black - Premium', '', 478, 23.00, 18.00, 0, 13, 1, 0, '2018-02-15 13:58:07', '2018-02-15 13:58:07', NULL),
(18, 'iPhone 6 Plus LCD Black - Premium', '', 204, 26.00, 21.00, 1, 13, 1, 0, '2018-02-15 13:59:25', '2018-03-19 15:17:34', NULL),
(19, 'iPhone 6 Plus LCD White - Premium', '', 223, 26.00, 21.00, 0, 13, 1, 0, '2018-02-15 14:01:25', '2018-02-15 14:01:25', NULL),
(20, 'iPad Air Digi', '', 8, 19.00, 14.00, 0, 13, 1, 0, '2018-02-15 14:02:40', '2018-02-15 14:02:40', NULL),
(21, 'iPad Mini 1 Digi', '', 5, 26.00, 21.00, 0, 13, 1, 0, '2018-02-15 14:03:54', '2018-02-15 14:03:54', NULL),
(22, 'iPad 3 Digi', '', 0, 14.00, 9.00, 1, 13, 1, 0, '2018-02-15 14:04:56', '2018-03-19 15:17:34', NULL),
(23, 'Overnight Shipping - Under Minimum Order', '', 4, 30.00, 30.00, 1, 13, 1, 0, '2018-02-15 14:05:59', '2018-03-20 11:27:08', NULL),
(24, 'Note 4 LCD', '', -1, 165.00, 155.00, 1, 13, 1, 0, '2018-02-15 14:07:02', '2018-03-20 11:27:08', NULL),
(25, 'iPhone 8 LCD Black - Premium', '', -2, 45.00, 40.00, 2, 13, 1, 0, '2018-02-15 14:08:01', '2018-03-20 11:27:08', NULL),
(26, 'iPhone 8 LCD White - Premium', '', 0, 45.00, 40.00, 1, 13, 1, 0, '2018-02-15 14:09:29', '2018-03-20 11:27:08', NULL),
(27, 'iPhone 8 Plus LCD Black - Premium', '', -2, 47.00, 42.00, 2, 13, 1, 0, '2018-02-15 14:23:00', '2018-03-20 11:27:08', NULL),
(28, 'iPhone 8 Plus LCD White - Premium', '', 0, 47.00, 42.00, 1, 13, 1, 0, '2018-02-15 14:24:16', '2018-03-20 11:27:08', NULL),
(29, 'Other', '', 1, 88.00, 95.00, 0, 13, 1, 0, '2018-02-15 14:25:08', '2018-02-15 14:25:08', NULL),
(30, 'Brand Custom-SS', '', -1, 2.00, 1.00, 1, 13, 1, 0, '2018-03-03 13:20:31', '2018-03-19 15:17:33', NULL),
(31, 'Brand Custom-SSS', '', 7, 10.00, 20.00, 0, 13, 1, 0, '2018-03-03 13:22:08', '2018-03-03 13:22:08', NULL),
(32, 'Glassware-Custom', '', 1, 10.00, 5.00, 1, 13, 1, 0, '2018-03-03 13:23:47', '2018-03-19 15:17:33', NULL),
(33, 'simpleretailpos', '', -17, 20.00, 10.00, 24, 13, 1, 0, '2018-03-03 13:24:18', '2018-03-19 13:54:42', NULL),
(34, 'Tableware w', '', -23, 10.00, 5.00, 25, 13, 1, 0, '2018-03-05 14:28:46', '2018-03-19 15:17:33', NULL),
(35, 'Glassware l', '', -7, 10.00, 5.00, 19, 13, 1, 0, '2018-03-05 14:29:36', '2018-03-23 12:19:26', NULL),
(36, 'aaaaa', '', -23, 11.00, 11.00, 24, 13, 1, 0, '2018-03-17 14:52:35', '2018-03-19 13:54:42', NULL),
(37, 'Test Ajax 1', '', -29, 10.00, 10.00, 29, 13, 1, 0, '2018-03-17 14:54:06', '2018-03-22 16:02:01', NULL),
(38, 'Test Ajax 1', '', -27, 10.00, 10.00, 28, 13, 1, 0, '2018-03-17 14:56:02', '2018-03-22 16:02:01', NULL),
(39, 'Test Ajax 2', '', -35, 11.00, 11.00, 29, 13, 1, 0, '2018-03-17 14:58:49', '2018-03-22 16:02:01', NULL),
(40, 'Test Ajax 3', '', -30, 20.00, 20.00, 29, 13, 1, 0, '2018-03-17 15:02:51', '2018-03-23 17:03:13', NULL),
(41, 'Test Ajax 4', '', -31, 4.00, 4.00, 30, 13, 1, 0, '2018-03-17 15:08:52', '2018-03-22 16:02:00', NULL),
(42, 'Test Ajax 1', '', -31, 10.00, 10.00, 29, 13, 1, 0, '2018-03-18 11:30:06', '2018-03-22 16:02:00', NULL),
(43, 'asdsad', '', -31, 20.00, 20.00, 30, 13, 1, 0, '2018-03-18 11:43:53', '2018-03-22 16:25:42', NULL),
(44, 'Test Ajax 5', 'General Sales : sdsdsadsad sa dsa dsad', -33, 22.00, 22.00, 27, 13, 1, 0, '2018-03-18 11:46:20', '2018-03-23 17:03:13', NULL);

-- --------------------------------------------------------

--
-- Table structure for table `lsp_product_profits`
--

CREATE TABLE `lsp_product_profits` (
  `id` int(10) UNSIGNED NOT NULL,
  `product_id` int(11) NOT NULL,
  `invoice_datetime` datetime NOT NULL,
  `customer_id` int(11) NOT NULL,
  `customer_name` varchar(191) COLLATE utf8mb4_unicode_ci NOT NULL,
  `product_total_quantity` int(11) NOT NULL,
  `product_total_amount` double(8,2) NOT NULL,
  `product_cost_total_amount` double(8,2) NOT NULL,
  `profit` double(8,2) NOT NULL,
  `store_id` int(11) NOT NULL,
  `created_by` int(11) NOT NULL,
  `updated_by` int(11) NOT NULL,
  `created_at` timestamp NULL DEFAULT NULL,
  `updated_at` timestamp NULL DEFAULT NULL,
  `deleted_at` timestamp NULL DEFAULT NULL
) ENGINE=InnoDB DEFAULT CHARSET=utf8mb4 COLLATE=utf8mb4_unicode_ci;

-- --------------------------------------------------------

--
-- Table structure for table `lsp_product_stockins`
--

CREATE TABLE `lsp_product_stockins` (
  `id` int(10) UNSIGNED NOT NULL,
  `order_tracking_id` varchar(255) COLLATE utf8mb4_unicode_ci NOT NULL DEFAULT '0',
  `product_id` int(11) NOT NULL,
  `quantity` int(11) NOT NULL,
  `price` double(8,2) NOT NULL,
  `cost` double(8,2) NOT NULL,
  `store_id` int(11) NOT NULL,
  `created_by` int(11) NOT NULL,
  `updated_by` int(11) NOT NULL,
  `created_at` timestamp NULL DEFAULT NULL,
  `updated_at` timestamp NULL DEFAULT NULL,
  `deleted_at` timestamp NULL DEFAULT NULL
) ENGINE=InnoDB DEFAULT CHARSET=utf8mb4 COLLATE=utf8mb4_unicode_ci;

--
-- Dumping data for table `lsp_product_stockins`
--

INSERT INTO `lsp_product_stockins` (`id`, `order_tracking_id`, `product_id`, `quantity`, `price`, `cost`, `store_id`, `created_by`, `updated_by`, `created_at`, `updated_at`, `deleted_at`) VALUES
(1, '1520091605', 3, 1, 100.00, 50.00, 13, 1, 0, '2018-03-03 09:40:05', '2018-03-03 09:40:17', '2018-03-03 09:40:17'),
(2, '1520091723', 3, 2, 100.00, 50.00, 13, 1, 0, '2018-03-03 09:42:03', '2018-03-03 11:09:39', '2018-03-03 11:09:39'),
(3, '1520091723', 3, 2, 100.00, 50.00, 13, 1, 1, '2018-03-03 11:09:39', '2018-03-03 11:09:55', '2018-03-03 11:09:55'),
(4, '1520103655', 3, 5, 100.00, 50.00, 13, 1, 0, '2018-03-03 13:00:55', '2018-03-03 13:02:06', '2018-03-03 13:02:06'),
(5, '1520103655', 3, 5, 100.00, 50.00, 13, 1, 0, '2018-03-03 13:00:55', '2018-03-03 13:02:06', '2018-03-03 13:02:06'),
(6, '1520103679', 3, 5, 100.00, 50.00, 13, 1, 0, '2018-03-03 13:01:19', '2018-03-03 13:01:56', '2018-03-03 13:01:56'),
(7, '1520103679', 3, 5, 100.00, 50.00, 13, 1, 0, '2018-03-03 13:01:19', '2018-03-03 13:01:56', '2018-03-03 13:01:56'),
(8, '1520103781', 3, 5, 100.00, 50.00, 13, 1, 0, '2018-03-03 13:03:01', '2018-03-03 13:03:31', '2018-03-03 13:03:31'),
(9, '1520103781', 3, 5, 100.00, 50.00, 13, 1, 0, '2018-03-03 13:03:01', '2018-03-03 13:03:31', '2018-03-03 13:03:31'),
(10, '1520103781', 3, 5, 100.00, 50.00, 13, 1, 1, '2018-03-03 13:03:31', '2018-03-03 13:31:34', '2018-03-03 13:31:34'),
(11, '1520103781', 3, 3, 100.00, 50.00, 13, 1, 1, '2018-03-03 13:03:32', '2018-03-03 13:31:34', '2018-03-03 13:31:34'),
(12, '0', 32, 5, 10.00, 5.00, 13, 1, 0, '2018-03-03 13:23:47', '2018-03-03 13:23:47', NULL),
(13, '0', 33, 7, 20.00, 10.00, 13, 1, 0, '2018-03-03 13:24:18', '2018-03-03 13:24:18', NULL),
(14, '1520103781', 3, 5, 100.00, 50.00, 13, 1, 1, '2018-03-03 13:31:34', '2018-03-03 13:34:09', '2018-03-03 13:34:09'),
(15, '1520103781', 3, 3, 100.00, 50.00, 13, 1, 1, '2018-03-03 13:31:34', '2018-03-03 13:34:09', '2018-03-03 13:34:09'),
(16, '1520103781', 3, 5, 100.00, 50.00, 13, 1, 1, '2018-03-03 13:34:09', '2018-03-03 13:34:09', NULL),
(17, '1520103781', 3, 3, 100.00, 50.00, 13, 1, 1, '2018-03-03 13:34:09', '2018-03-03 13:34:09', NULL),
(18, '1520105672', 3, 1, 100.00, 50.00, 13, 1, 0, '2018-03-03 13:34:32', '2018-03-03 13:34:32', NULL),
(19, '0', 34, 2, 10.00, 5.00, 13, 1, 0, '2018-03-05 14:28:47', '2018-03-05 14:28:47', NULL),
(20, '0', 35, 2, 10.00, 5.00, 13, 1, 0, '2018-03-05 14:29:37', '2018-03-05 14:29:37', NULL),
(21, '1520282214', 4, 4, 19.00, 12.00, 13, 1, 0, '2018-03-05 14:36:54', '2018-03-05 14:36:54', NULL),
(22, '0', 36, 1, 11.00, 11.00, 13, 1, 0, '2018-03-17 14:52:35', '2018-03-17 14:52:35', NULL),
(23, '0', 37, 1, 10.00, 10.00, 13, 1, 0, '2018-03-17 14:54:06', '2018-03-17 14:54:06', NULL),
(24, '0', 38, 1, 10.00, 10.00, 13, 1, 0, '2018-03-17 14:56:02', '2018-03-17 14:56:02', NULL);

-- --------------------------------------------------------

--
-- Table structure for table `lsp_product_stockin_invoices`
--

CREATE TABLE `lsp_product_stockin_invoices` (
  `id` int(10) UNSIGNED NOT NULL,
  `order_tracking_id` varchar(255) COLLATE utf8mb4_unicode_ci NOT NULL DEFAULT '0',
  `order_date` date NOT NULL,
  `order_no` varchar(191) COLLATE utf8mb4_unicode_ci NOT NULL,
  `total_quantity` int(11) NOT NULL,
  `store_id` int(11) NOT NULL,
  `created_by` int(11) NOT NULL,
  `updated_by` int(11) NOT NULL,
  `created_at` timestamp NULL DEFAULT NULL,
  `updated_at` timestamp NULL DEFAULT NULL,
  `deleted_at` timestamp NULL DEFAULT NULL
) ENGINE=InnoDB DEFAULT CHARSET=utf8mb4 COLLATE=utf8mb4_unicode_ci;

--
-- Dumping data for table `lsp_product_stockin_invoices`
--

INSERT INTO `lsp_product_stockin_invoices` (`id`, `order_tracking_id`, `order_date`, `order_no`, `total_quantity`, `store_id`, `created_by`, `updated_by`, `created_at`, `updated_at`, `deleted_at`) VALUES
(1, '1520091605', '2018-03-03', '1', 1, 13, 1, 0, '2018-03-03 09:40:05', '2018-03-03 09:40:18', '2018-03-03 09:40:18'),
(2, '1520091723', '2018-03-03', '1', 2, 13, 1, 1, '2018-03-03 09:42:03', '2018-03-03 11:09:55', '2018-03-03 11:09:55'),
(3, '1520103655', '2018-03-04', '1', 10, 13, 1, 0, '2018-03-03 13:00:55', '2018-03-03 13:02:06', '2018-03-03 13:02:06'),
(4, '1520103679', '2018-03-04', '1', 10, 13, 1, 0, '2018-03-03 13:01:19', '2018-03-03 13:01:56', '2018-03-03 13:01:56'),
(5, '1520103781', '2018-03-04', '1', 8, 13, 1, 1, '2018-03-03 13:03:01', '2018-03-03 13:03:32', NULL),
(6, '1520105672', '2018-03-04', '18', 1, 13, 1, 0, '2018-03-03 13:34:32', '2018-03-03 13:34:32', NULL),
(7, '1520282214', '2018-03-06', '21', 4, 13, 1, 0, '2018-03-05 14:36:54', '2018-03-05 14:36:54', NULL);

-- --------------------------------------------------------

--
-- Table structure for table `lsp_product_variances`
--

CREATE TABLE `lsp_product_variances` (
  `id` int(10) UNSIGNED NOT NULL,
  `variance_id` int(11) NOT NULL,
  `total_variance_quantity` int(11) NOT NULL DEFAULT '0',
  `store_id` int(11) NOT NULL,
  `created_by` int(11) NOT NULL,
  `updated_by` int(11) NOT NULL,
  `created_at` timestamp NULL DEFAULT NULL,
  `updated_at` timestamp NULL DEFAULT NULL,
  `deleted_at` timestamp NULL DEFAULT NULL
) ENGINE=InnoDB DEFAULT CHARSET=utf8mb4 COLLATE=utf8mb4_unicode_ci;

--
-- Dumping data for table `lsp_product_variances`
--

INSERT INTO `lsp_product_variances` (`id`, `variance_id`, `total_variance_quantity`, `store_id`, `created_by`, `updated_by`, `created_at`, `updated_at`, `deleted_at`) VALUES
(1, 1519073836, 5, 13, 1, 0, '2018-02-19 14:57:16', '2018-02-19 14:57:16', NULL),
(2, 1519584479, 12, 13, 1, 0, '2018-02-25 12:47:59', '2018-02-25 12:47:59', NULL),
(3, 1519584535, 14, 13, 1, 0, '2018-02-25 12:48:55', '2018-02-25 12:51:07', '2018-02-25 12:51:07'),
(4, 1519584479, 12, 13, 1, 0, '2018-02-25 14:08:15', '2018-02-25 14:10:57', '2018-02-25 14:10:57'),
(5, 1519584479, 17, 13, 1, 1, '2018-02-25 14:08:26', '2018-02-25 14:10:48', '2018-02-25 14:10:48'),
(6, 1519589526, 9, 13, 1, 1, '2018-02-25 14:12:06', '2018-02-25 14:12:37', NULL),
(7, 1519589647, 18, 13, 1, 1, '2018-02-25 14:14:07', '2018-02-25 14:16:34', NULL),
(8, 1519943495, 60, 13, 1, 0, '2018-03-01 16:31:35', '2018-03-01 16:31:35', NULL),
(9, 1519943578, 30, 13, 1, 0, '2018-03-01 16:32:58', '2018-03-01 16:32:58', NULL),
(10, 1519974898, 40, 13, 1, 0, '2018-03-02 01:14:59', '2018-03-02 01:14:59', NULL),
(11, 1519974978, 70, 13, 1, 0, '2018-03-02 01:16:18', '2018-03-02 01:16:18', NULL),
(12, 1520108795, 5, 13, 1, 0, '2018-03-03 14:26:35', '2018-03-03 14:26:35', NULL);

-- --------------------------------------------------------

--
-- Table structure for table `lsp_product_variance_datas`
--

CREATE TABLE `lsp_product_variance_datas` (
  `id` int(10) UNSIGNED NOT NULL,
  `variance_id` int(11) NOT NULL,
  `product_id` int(11) NOT NULL,
  `quantity_in_system` int(11) NOT NULL,
  `quantity_in_hand` int(11) NOT NULL,
  `variance_quanity` int(11) NOT NULL DEFAULT '0',
  `cost` double(8,2) NOT NULL,
  `variance_cost` double(8,2) NOT NULL,
  `store_id` int(11) NOT NULL,
  `created_by` int(11) NOT NULL,
  `updated_by` int(11) NOT NULL,
  `created_at` timestamp NULL DEFAULT NULL,
  `updated_at` timestamp NULL DEFAULT NULL,
  `deleted_at` timestamp NULL DEFAULT NULL
) ENGINE=InnoDB DEFAULT CHARSET=utf8mb4 COLLATE=utf8mb4_unicode_ci;

--
-- Dumping data for table `lsp_product_variance_datas`
--

INSERT INTO `lsp_product_variance_datas` (`id`, `variance_id`, `product_id`, `quantity_in_system`, `quantity_in_hand`, `variance_quanity`, `cost`, `variance_cost`, `store_id`, `created_by`, `updated_by`, `created_at`, `updated_at`, `deleted_at`) VALUES
(1, 1519073836, 3, 10, 2, 8, 50.00, 100.00, 13, 1, 0, '2018-02-19 14:57:16', '2018-02-25 14:11:32', '2018-02-25 14:11:32'),
(2, 1519073836, 6, 9, 2, 7, 11.25, 22.50, 13, 1, 0, '2018-02-19 14:57:16', '2018-02-25 14:11:32', '2018-02-25 14:11:32'),
(3, 1519073836, 8, 11, 1, 10, 9.00, 9.00, 13, 1, 0, '2018-02-19 14:57:16', '2018-02-25 14:11:32', '2018-02-25 14:11:32'),
(4, 1519584479, 5, 220, 5, 215, 33.00, 165.00, 13, 1, 0, '2018-02-25 12:47:59', '2018-02-25 14:08:15', '2018-02-25 14:08:15'),
(5, 1519584479, 8, 11, 2, 9, 9.00, 18.00, 13, 1, 0, '2018-02-25 12:47:59', '2018-02-25 14:08:15', '2018-02-25 14:08:15'),
(6, 1519584479, 12, 29, 5, 24, 12.00, 60.00, 13, 1, 0, '2018-02-25 12:47:59', '2018-02-25 14:08:15', '2018-02-25 14:08:15'),
(7, 1519584535, 6, 9, 2, 7, 11.25, 22.50, 13, 1, 0, '2018-02-25 12:48:55', '2018-02-25 12:51:07', '2018-02-25 12:51:07'),
(8, 1519584535, 9, 312, 6, 306, 33.00, 198.00, 13, 1, 0, '2018-02-25 12:48:55', '2018-02-25 12:51:07', '2018-02-25 12:51:07'),
(9, 1519584535, 15, 164, 6, 158, 22.00, 132.00, 13, 1, 0, '2018-02-25 12:48:55', '2018-02-25 12:51:07', '2018-02-25 12:51:07'),
(10, 1519584479, 4, 37, 5, 32, 12.00, 60.00, 13, 1, 0, '2018-02-25 14:08:15', '2018-02-25 14:08:25', '2018-02-25 14:08:25'),
(11, 1519584479, 5, 220, 2, 218, 33.00, 66.00, 13, 1, 0, '2018-02-25 14:08:15', '2018-02-25 14:08:25', '2018-02-25 14:08:25'),
(12, 1519584479, 6, 9, 5, 4, 11.25, 56.25, 13, 1, 0, '2018-02-25 14:08:15', '2018-02-25 14:08:25', '2018-02-25 14:08:25'),
(13, 1519584479, 10, 414, 5, 409, 27.00, 135.00, 13, 1, 0, '2018-02-25 14:08:26', '2018-02-25 14:10:37', '2018-02-25 14:10:37'),
(14, 1519584479, 11, 340, 6, 334, 27.00, 162.00, 13, 1, 0, '2018-02-25 14:08:26', '2018-02-25 14:10:37', '2018-02-25 14:10:37'),
(15, 1519584479, 12, 29, 5, 24, 12.00, 60.00, 13, 1, 0, '2018-02-25 14:08:26', '2018-02-25 14:10:37', '2018-02-25 14:10:37'),
(16, 1519584479, 13, 101, 5, 96, 12.00, 60.00, 13, 1, 0, '2018-02-25 14:10:38', '2018-02-25 14:10:48', '2018-02-25 14:10:48'),
(17, 1519584479, 14, 171, 7, 164, 22.00, 154.00, 13, 1, 0, '2018-02-25 14:10:38', '2018-02-25 14:10:48', '2018-02-25 14:10:48'),
(18, 1519584479, 15, 164, 5, 159, 22.00, 110.00, 13, 1, 0, '2018-02-25 14:10:38', '2018-02-25 14:10:48', '2018-02-25 14:10:48'),
(19, 1519073836, 1, 5, 2, 3, 1.00, 2.00, 13, 1, 0, '2018-02-25 14:11:32', '2018-02-25 14:11:32', NULL),
(20, 1519589526, 7, 141, 1, 140, 10.00, 10.00, 13, 1, 0, '2018-02-25 14:12:06', '2018-02-25 14:12:25', '2018-02-25 14:12:25'),
(21, 1519589526, 14, 171, 4, 167, 22.00, 88.00, 13, 1, 0, '2018-02-25 14:12:06', '2018-02-25 14:12:25', '2018-02-25 14:12:25'),
(22, 1519589526, 22, 4, 2, 2, 9.00, 18.00, 13, 1, 0, '2018-02-25 14:12:06', '2018-02-25 14:12:25', '2018-02-25 14:12:25'),
(23, 1519589526, 29, 1, 1, 0, 95.00, 95.00, 13, 1, 0, '2018-02-25 14:12:06', '2018-02-25 14:12:25', '2018-02-25 14:12:25'),
(24, 1519589526, 20, 8, 1, 7, 14.00, 14.00, 13, 1, 0, '2018-02-25 14:12:26', '2018-02-25 14:12:37', '2018-02-25 14:12:37'),
(25, 1519589526, 21, 5, 4, 1, 21.00, 84.00, 13, 1, 0, '2018-02-25 14:12:26', '2018-02-25 14:12:37', '2018-02-25 14:12:37'),
(26, 1519589526, 22, 4, 2, 2, 9.00, 18.00, 13, 1, 0, '2018-02-25 14:12:26', '2018-02-25 14:12:37', '2018-02-25 14:12:37'),
(27, 1519589526, 23, 5, 1, 4, 30.00, 30.00, 13, 1, 0, '2018-02-25 14:12:26', '2018-02-25 14:12:37', '2018-02-25 14:12:37'),
(28, 1519589526, 24, 0, 1, -1, 155.00, 155.00, 13, 1, 0, '2018-02-25 14:12:37', '2018-02-25 14:12:37', NULL),
(29, 1519589526, 25, 1, 4, -3, 40.00, 160.00, 13, 1, 0, '2018-02-25 14:12:37', '2018-02-25 14:12:37', NULL),
(30, 1519589526, 26, 1, 2, -1, 40.00, 80.00, 13, 1, 0, '2018-02-25 14:12:37', '2018-02-25 14:12:37', NULL),
(31, 1519589526, 27, 1, 2, -1, 42.00, 84.00, 13, 1, 0, '2018-02-25 14:12:37', '2018-02-25 14:12:37', NULL),
(32, 1519589647, 6, 9, 5, 4, 11.25, 56.25, 13, 1, 0, '2018-02-25 14:14:07', '2018-02-25 14:16:34', '2018-02-25 14:16:34'),
(33, 1519589647, 20, 8, 9, -1, 14.00, 126.00, 13, 1, 0, '2018-02-25 14:14:07', '2018-02-25 14:16:34', '2018-02-25 14:16:34'),
(34, 1519589647, 29, 1, 2, -1, 95.00, 190.00, 13, 1, 0, '2018-02-25 14:14:07', '2018-02-25 14:16:34', '2018-02-25 14:16:34'),
(35, 1519589647, 6, 9, 5, 4, 11.25, 56.25, 13, 1, 0, '2018-02-25 14:16:34', '2018-02-25 14:19:16', '2018-02-25 14:19:16'),
(36, 1519589647, 20, 8, 9, -1, 14.00, 126.00, 13, 1, 0, '2018-02-25 14:16:34', '2018-02-25 14:19:16', '2018-02-25 14:19:16'),
(37, 1519589647, 29, 1, 4, -3, 95.00, 380.00, 13, 1, 0, '2018-02-25 14:16:34', '2018-02-25 14:19:16', '2018-02-25 14:19:16'),
(38, 1519589647, 6, 9, 5, 4, 11.25, 56.25, 13, 1, 0, '2018-02-25 14:19:16', '2018-02-25 14:19:16', NULL),
(39, 1519589647, 20, 8, 9, -1, 14.00, 126.00, 13, 1, 0, '2018-02-25 14:19:16', '2018-02-25 14:19:16', NULL),
(40, 1519589647, 29, 1, 4, -3, 95.00, 380.00, 13, 1, 0, '2018-02-25 14:19:16', '2018-02-25 14:19:16', NULL),
(41, 1519943495, 1, 5, 20, -15, 1.00, 20.00, 13, 1, 0, '2018-03-01 16:31:35', '2018-03-01 16:31:35', NULL),
(42, 1519943495, 3, 10, 20, -10, 50.00, 1000.00, 13, 1, 0, '2018-03-01 16:31:35', '2018-03-01 16:31:35', NULL),
(43, 1519943495, 4, 37, 20, 17, 12.00, 240.00, 13, 1, 0, '2018-03-01 16:31:35', '2018-03-01 16:31:35', NULL),
(44, 1519943578, 1, 5, 10, -5, 1.00, 10.00, 13, 1, 0, '2018-03-01 16:32:58', '2018-03-01 16:32:58', NULL),
(45, 1519943578, 3, 10, 10, 0, 50.00, 500.00, 13, 1, 0, '2018-03-01 16:32:58', '2018-03-01 16:32:58', NULL),
(46, 1519943578, 4, 37, 10, 27, 12.00, 120.00, 13, 1, 0, '2018-03-01 16:32:58', '2018-03-01 16:32:58', NULL),
(47, 1519974898, 1, 5, 10, -5, 1.00, -5.00, 13, 1, 0, '2018-03-02 01:14:58', '2018-03-02 01:14:58', NULL),
(48, 1519974898, 3, 10, 10, 0, 50.00, 0.00, 13, 1, 0, '2018-03-02 01:14:58', '2018-03-02 01:14:58', NULL),
(49, 1519974898, 4, 37, 10, 27, 12.00, 324.00, 13, 1, 0, '2018-03-02 01:14:58', '2018-03-02 01:14:58', NULL),
(50, 1519974898, 5, 220, 10, 210, 33.00, 6930.00, 13, 1, 0, '2018-03-02 01:14:59', '2018-03-02 01:14:59', NULL),
(51, 1519974978, 1, 5, 10, -5, 1.00, -5.00, 13, 1, 0, '2018-03-02 01:16:18', '2018-03-02 01:16:18', NULL),
(52, 1519974978, 3, 10, 20, -10, 50.00, -500.00, 13, 1, 0, '2018-03-02 01:16:18', '2018-03-02 01:16:18', NULL),
(53, 1519974978, 4, 37, 20, 17, 12.00, 204.00, 13, 1, 0, '2018-03-02 01:16:18', '2018-03-02 01:16:18', NULL),
(54, 1519974978, 5, 220, 20, 200, 33.00, 6600.00, 13, 1, 0, '2018-03-02 01:16:18', '2018-03-02 01:16:18', NULL),
(55, 1520108795, 1, 5, 5, 0, 1.00, 0.00, 13, 1, 0, '2018-03-03 14:26:35', '2018-03-03 14:26:35', NULL);

-- --------------------------------------------------------

--
-- Table structure for table `lsp_retail_pos_summaries`
--

CREATE TABLE `lsp_retail_pos_summaries` (
  `id` int(10) UNSIGNED NOT NULL,
  `sales_invoice_quantity` int(11) NOT NULL,
  `sales_quantity` int(11) NOT NULL,
  `sales_amount` double(8,2) NOT NULL,
  `sales_cost` double(10,2) NOT NULL,
  `sales_profit` double(8,2) NOT NULL,
  `product_item_quantity` int(11) NOT NULL,
  `product_quantity` int(11) NOT NULL,
  `stockin_invoice_quantity` int(11) NOT NULL,
  `stockin_product_quantity` int(11) NOT NULL,
  `customer_quantity` int(11) NOT NULL,
  `variance_quantity` int(11) NOT NULL,
  `warranty_invoice_quantity` int(11) NOT NULL,
  `warranty_product_quantity` int(11) NOT NULL,
  `store_id` int(11) NOT NULL,
  `created_by` int(11) NOT NULL,
  `updated_by` int(11) NOT NULL,
  `created_at` timestamp NULL DEFAULT NULL,
  `updated_at` timestamp NULL DEFAULT NULL
) ENGINE=InnoDB DEFAULT CHARSET=utf8mb4 COLLATE=utf8mb4_unicode_ci;

--
-- Dumping data for table `lsp_retail_pos_summaries`
--

INSERT INTO `lsp_retail_pos_summaries` (`id`, `sales_invoice_quantity`, `sales_quantity`, `sales_amount`, `sales_cost`, `sales_profit`, `product_item_quantity`, `product_quantity`, `stockin_invoice_quantity`, `stockin_product_quantity`, `customer_quantity`, `variance_quantity`, `warranty_invoice_quantity`, `warranty_product_quantity`, `store_id`, `created_by`, `updated_by`, `created_at`, `updated_at`) VALUES
(1, 49, 339, 6104.19, 4830.50, 1085.74, 4, -312, 3, 17, 2, 5, 2, 2, 0, 0, 0, NULL, '2018-03-23 17:03:13');

-- --------------------------------------------------------

--
-- Table structure for table `lsp_retail_pos_summary_date_wises`
--

CREATE TABLE `lsp_retail_pos_summary_date_wises` (
  `id` int(10) UNSIGNED NOT NULL,
  `sales_invoice_quantity` int(11) NOT NULL,
  `sales_quantity` int(11) NOT NULL,
  `sales_amount` double(8,2) NOT NULL,
  `sales_cost` double(8,2) NOT NULL,
  `sales_profit` double(8,2) NOT NULL,
  `product_item_quantity` int(11) NOT NULL,
  `product_quantity` int(11) NOT NULL,
  `stockin_invoice_quantity` int(11) NOT NULL,
  `stockin_product_quantity` int(11) NOT NULL,
  `customer_quantity` int(11) NOT NULL,
  `variance_quantity` int(11) NOT NULL,
  `warranty_invoice_quantity` int(11) NOT NULL,
  `warranty_product_quantity` int(11) NOT NULL,
  `report_date` date NOT NULL,
  `store_id` int(11) NOT NULL,
  `created_by` int(11) NOT NULL,
  `updated_by` int(11) NOT NULL,
  `created_at` timestamp NULL DEFAULT NULL,
  `updated_at` timestamp NULL DEFAULT NULL
) ENGINE=InnoDB DEFAULT CHARSET=utf8mb4 COLLATE=utf8mb4_unicode_ci;

--
-- Dumping data for table `lsp_retail_pos_summary_date_wises`
--

INSERT INTO `lsp_retail_pos_summary_date_wises` (`id`, `sales_invoice_quantity`, `sales_quantity`, `sales_amount`, `sales_cost`, `sales_profit`, `product_item_quantity`, `product_quantity`, `stockin_invoice_quantity`, `stockin_product_quantity`, `customer_quantity`, `variance_quantity`, `warranty_invoice_quantity`, `warranty_product_quantity`, `report_date`, `store_id`, `created_by`, `updated_by`, `created_at`, `updated_at`) VALUES
(7, 1, 3, 45.00, 33.75, 11.25, 1, 6, 1, 6, 1, 0, 1, 1, '2018-03-05', 0, 0, 0, NULL, '2018-03-05 14:49:14'),
(8, 0, 0, 0.00, 0.00, 0.00, 0, 0, 0, 0, 0, 0, 0, 0, '2018-03-06', 0, 0, 0, NULL, NULL),
(9, 0, 0, 0.00, 0.00, 0.00, 0, 0, 0, 0, 0, 0, 0, 0, '2018-03-08', 0, 0, 0, NULL, NULL),
(10, 0, 0, 0.00, 0.00, 0.00, 0, 0, 0, 0, 0, 0, 0, 0, '2018-03-09', 0, 0, 0, NULL, NULL),
(11, 0, 0, 0.00, 0.00, 0.00, 0, 0, 0, 0, 0, 0, 0, 0, '2018-03-10', 0, 0, 0, NULL, NULL),
(12, 0, 0, 0.00, 0.00, 0.00, 0, 0, 0, 0, 0, 0, 0, 0, '2018-03-11', 0, 0, 0, NULL, NULL),
(13, 0, 0, 0.00, 0.00, 0.00, 0, 0, 0, 0, 0, 0, 0, 0, '2018-03-13', 0, 0, 0, NULL, NULL),
(14, 0, 0, 0.00, 0.00, 0.00, 0, 0, 0, 0, 0, 0, 0, 0, '2018-03-16', 0, 0, 0, NULL, NULL),
(15, 0, 0, 0.00, 0.00, 0.00, 0, 0, 0, 0, 0, 0, 0, 0, '2018-03-18', 0, 0, 0, NULL, NULL),
(16, 20, 267, 4609.42, 3576.50, 903.92, 0, 0, 0, 0, 0, 0, 0, 0, '2018-03-19', 0, 0, 0, NULL, '2018-03-19 15:17:35'),
(17, 2, 14, 500.58, 456.00, 30.00, 0, 0, 0, 0, 0, 0, 0, 0, '2018-03-20', 0, 0, 0, NULL, '2018-03-20 11:27:09'),
(18, 0, 0, 0.00, 0.00, 0.00, 0, 0, 0, 0, 0, 0, 0, 0, '2018-03-21', 0, 0, 0, NULL, NULL),
(19, 4, 27, 455.83, 436.00, 29.00, 0, 0, 0, 0, 0, 0, 0, 0, '2018-03-22', 0, 0, 0, NULL, '2018-03-22 17:03:48'),
(20, 2, 13, 239.12, 229.00, 15.00, 0, 6, 0, 0, 0, 0, 0, 0, '2018-03-23', 0, 0, 0, NULL, '2018-03-23 17:03:14'),
(21, 0, 0, 0.00, 0.00, 0.00, 0, 0, 0, 0, 0, 0, 0, 0, '2018-03-24', 0, 0, 0, NULL, NULL),
(22, 0, 0, 0.00, 0.00, 0.00, 0, 0, 0, 0, 0, 0, 0, 0, '2018-03-26', 0, 0, 0, NULL, NULL),
(23, 0, 0, 0.00, 0.00, 0.00, 0, 0, 0, 0, 0, 0, 0, 0, '2018-03-27', 0, 0, 0, NULL, NULL);

-- --------------------------------------------------------

--
-- Table structure for table `lsp_site_settings`
--

CREATE TABLE `lsp_site_settings` (
  `id` int(10) UNSIGNED NOT NULL,
  `nav_class_name` varchar(191) COLLATE utf8mb4_unicode_ci NOT NULL DEFAULT 'bg-purple bg-darken-1',
  `outline_border_name` varchar(255) COLLATE utf8mb4_unicode_ci DEFAULT 'border-primary border-lighten-1',
  `store_id` bigint(20) NOT NULL DEFAULT '0',
  `created_by` int(11) NOT NULL DEFAULT '0',
  `updated_by` int(11) NOT NULL DEFAULT '0',
  `created_at` timestamp NULL DEFAULT NULL,
  `updated_at` timestamp NULL DEFAULT NULL
) ENGINE=InnoDB DEFAULT CHARSET=utf8mb4 COLLATE=utf8mb4_unicode_ci;

--
-- Dumping data for table `lsp_site_settings`
--

INSERT INTO `lsp_site_settings` (`id`, `nav_class_name`, `outline_border_name`, `store_id`, `created_by`, `updated_by`, `created_at`, `updated_at`) VALUES
(1, 'bg-purple bg-darken-1', 'border-purple border-darken-1', 13, 1, 1, '2018-03-26 15:17:52', '2018-03-27 14:34:12');

-- --------------------------------------------------------

--
-- Table structure for table `lsp_tenders`
--

CREATE TABLE `lsp_tenders` (
  `id` int(10) UNSIGNED NOT NULL,
  `name` varchar(191) COLLATE utf8mb4_unicode_ci NOT NULL,
  `store_id` int(11) NOT NULL,
  `created_by` int(11) NOT NULL,
  `updated_by` int(11) NOT NULL,
  `created_at` timestamp NULL DEFAULT NULL,
  `updated_at` timestamp NULL DEFAULT NULL,
  `deleted_at` timestamp NULL DEFAULT NULL
) ENGINE=InnoDB DEFAULT CHARSET=utf8mb4 COLLATE=utf8mb4_unicode_ci;

--
-- Dumping data for table `lsp_tenders`
--

INSERT INTO `lsp_tenders` (`id`, `name`, `store_id`, `created_by`, `updated_by`, `created_at`, `updated_at`, `deleted_at`) VALUES
(1, 'pos System', 13, 2, 2, '2018-02-15 04:56:59', '2018-02-15 05:00:32', '2018-02-15 05:00:32'),
(2, 'Amit 2.5 GB', 13, 2, 0, '2018-02-15 05:00:44', '2018-02-15 07:04:37', '2018-02-15 07:04:37'),
(3, 'Tableware', 13, 2, 0, '2018-02-15 05:00:48', '2018-02-15 05:00:48', NULL),
(4, 'simpleretailpos', 13, 2, 0, '2018-02-15 05:00:52', '2018-02-15 05:00:52', NULL),
(5, 'Brand Custom-S', 13, 2, 0, '2018-02-15 07:04:33', '2018-02-15 07:04:33', NULL),
(6, 'Cash', 13, 1, 0, '2018-02-15 11:38:28', '2018-02-15 11:38:28', NULL);

-- --------------------------------------------------------

--
-- Table structure for table `lsp_users`
--

CREATE TABLE `lsp_users` (
  `id` int(10) UNSIGNED NOT NULL,
  `name` varchar(191) COLLATE utf8mb4_unicode_ci NOT NULL,
  `store_id` bigint(11) NOT NULL DEFAULT '0',
  `email` varchar(191) COLLATE utf8mb4_unicode_ci NOT NULL,
  `password` varchar(191) COLLATE utf8mb4_unicode_ci NOT NULL,
  `remember_token` varchar(100) COLLATE utf8mb4_unicode_ci DEFAULT NULL,
  `created_at` timestamp NULL DEFAULT NULL,
  `updated_at` timestamp NULL DEFAULT NULL,
  `deleted_at` datetime DEFAULT NULL
) ENGINE=InnoDB DEFAULT CHARSET=utf8mb4 COLLATE=utf8mb4_unicode_ci;

--
-- Dumping data for table `lsp_users`
--

INSERT INTO `lsp_users` (`id`, `name`, `store_id`, `email`, `password`, `remember_token`, `created_at`, `updated_at`, `deleted_at`) VALUES
(1, 'Md Fahad Bhuyian', 0, 'f.bhuyian@gmail.com', '$2y$10$Dn9ZjChxZZMPi4EkH4UgYew2kqTmAWgqx.t1NiKFc8YUVgU0Y/gA.', 'l4pcOi2MKsDm9MUmSPPhyL0qlml6f0hLfIE0kKuDjJoCJnjFGFCh6gsrF2EY', '2018-02-11 13:38:38', '2018-02-11 13:38:38', NULL),
(2, 'Fakhrul', 0, 'fakhrul@gmail.com', '$2y$10$2Gey31b93nXMUZ6HmP8gEuHH1y0fQCMctuGdobID7ZVhQ1bq10/4e', 'oNGc3SIM9wnTBa4SiNDlGzi3IJJ9XaDIPVbT8uE4mxdi5e7MTtc9VF87BrWR', '2018-02-12 04:51:03', '2018-02-12 04:51:03', NULL),
(3, 'Fakhrul Islam Talukder', 0, 'fkhrl@gmail.com', '$2y$10$Pkn9oKLAeQSulsEmiVKk3Og/VJNid1u69wNeLucbgrJK.BNx7gvgC', NULL, '2018-02-13 15:15:28', '2018-02-13 15:15:28', NULL);

-- --------------------------------------------------------

--
-- Table structure for table `lsp_warranties`
--

CREATE TABLE `lsp_warranties` (
  `id` int(10) UNSIGNED NOT NULL,
  `invoice_id` int(11) NOT NULL,
  `warranty_date` date NOT NULL,
  `warranty_batch_quantity` int(11) NOT NULL,
  `store_id` int(11) NOT NULL,
  `created_by` int(11) NOT NULL,
  `updated_by` int(11) NOT NULL,
  `created_at` timestamp NULL DEFAULT NULL,
  `updated_at` timestamp NULL DEFAULT NULL,
  `deleted_at` timestamp NULL DEFAULT NULL
) ENGINE=InnoDB DEFAULT CHARSET=utf8mb4 COLLATE=utf8mb4_unicode_ci;

--
-- Dumping data for table `lsp_warranties`
--

INSERT INTO `lsp_warranties` (`id`, `invoice_id`, `warranty_date`, `warranty_batch_quantity`, `store_id`, `created_by`, `updated_by`, `created_at`, `updated_at`, `deleted_at`) VALUES
(1, 1520106771, '2018-03-03', 1, 13, 1, 0, '2018-03-03 13:53:13', '2018-03-03 13:53:35', '2018-03-03 13:53:35'),
(2, 1520106771, '2018-03-03', 1, 13, 1, 0, '2018-03-03 14:06:00', '2018-03-03 14:06:00', NULL),
(3, 1520106771, '2018-03-05', 1, 13, 1, 0, '2018-03-05 14:49:14', '2018-03-05 14:49:14', NULL);

-- --------------------------------------------------------

--
-- Table structure for table `lsp_warranty_products`
--

CREATE TABLE `lsp_warranty_products` (
  `id` int(10) UNSIGNED NOT NULL,
  `warranty_id` int(11) NOT NULL,
  `invoice_id` int(11) NOT NULL,
  `warranty_date` date NOT NULL,
  `old_product_id` int(11) NOT NULL,
  `new_product_id` int(11) NOT NULL,
  `store_id` int(11) NOT NULL,
  `created_by` int(11) NOT NULL,
  `updated_by` int(11) NOT NULL,
  `created_at` timestamp NULL DEFAULT NULL,
  `updated_at` timestamp NULL DEFAULT NULL,
  `deleted_at` timestamp NULL DEFAULT NULL
) ENGINE=InnoDB DEFAULT CHARSET=utf8mb4 COLLATE=utf8mb4_unicode_ci;

--
-- Dumping data for table `lsp_warranty_products`
--

INSERT INTO `lsp_warranty_products` (`id`, `warranty_id`, `invoice_id`, `warranty_date`, `old_product_id`, `new_product_id`, `store_id`, `created_by`, `updated_by`, `created_at`, `updated_at`, `deleted_at`) VALUES
(1, 1, 1520106771, '2018-03-03', 5, 3, 13, 1, 0, '2018-03-03 13:53:13', '2018-03-03 13:53:35', '2018-03-03 13:53:35'),
(2, 2, 1520106771, '2018-03-03', 5, 3, 13, 1, 0, '2018-03-03 14:06:00', '2018-03-03 14:06:00', NULL),
(3, 3, 1520106771, '2018-03-05', 5, 3, 13, 1, 0, '2018-03-05 14:49:14', '2018-03-05 14:49:14', NULL);

--
-- Indexes for dumped tables
--

--
-- Indexes for table `lsp_activities`
--
ALTER TABLE `lsp_activities`
  ADD PRIMARY KEY (`id`);

--
-- Indexes for table `lsp_customers`
--
ALTER TABLE `lsp_customers`
  ADD PRIMARY KEY (`id`);

--
-- Indexes for table `lsp_invoices`
--
ALTER TABLE `lsp_invoices`
  ADD PRIMARY KEY (`id`),
  ADD KEY `invoices_id_index` (`id`),
  ADD KEY `invoices_invoice_id_index` (`invoice_id`);

--
-- Indexes for table `lsp_invoice_payments`
--
ALTER TABLE `lsp_invoice_payments`
  ADD PRIMARY KEY (`id`);

--
-- Indexes for table `lsp_invoice_products`
--
ALTER TABLE `lsp_invoice_products`
  ADD PRIMARY KEY (`id`);

--
-- Indexes for table `lsp_invoice_profits`
--
ALTER TABLE `lsp_invoice_profits`
  ADD PRIMARY KEY (`id`),
  ADD KEY `invoice_profits_invoice_id_index` (`invoice_id`),
  ADD KEY `invoice_profits_id_index` (`id`),
  ADD KEY `invoice_profits_invoice_datetime_index` (`invoice_datetime`),
  ADD KEY `invoice_profits_customer_id_index` (`customer_id`);

--
-- Indexes for table `lsp_migrations`
--
ALTER TABLE `lsp_migrations`
  ADD PRIMARY KEY (`id`);

--
-- Indexes for table `lsp_password_resets`
--
ALTER TABLE `lsp_password_resets`
  ADD KEY `password_resets_email_index` (`email`);

--
-- Indexes for table `lsp_pos_settings`
--
ALTER TABLE `lsp_pos_settings`
  ADD PRIMARY KEY (`id`);

--
-- Indexes for table `lsp_products`
--
ALTER TABLE `lsp_products`
  ADD PRIMARY KEY (`id`),
  ADD KEY `products_id_index` (`id`),
  ADD KEY `products_name_index` (`name`);

--
-- Indexes for table `lsp_product_profits`
--
ALTER TABLE `lsp_product_profits`
  ADD PRIMARY KEY (`id`);

--
-- Indexes for table `lsp_product_stockins`
--
ALTER TABLE `lsp_product_stockins`
  ADD PRIMARY KEY (`id`);

--
-- Indexes for table `lsp_product_stockin_invoices`
--
ALTER TABLE `lsp_product_stockin_invoices`
  ADD PRIMARY KEY (`id`);

--
-- Indexes for table `lsp_product_variances`
--
ALTER TABLE `lsp_product_variances`
  ADD PRIMARY KEY (`id`),
  ADD KEY `product_variances_variance_id_index` (`variance_id`),
  ADD KEY `product_variances_id_index` (`id`);

--
-- Indexes for table `lsp_product_variance_datas`
--
ALTER TABLE `lsp_product_variance_datas`
  ADD PRIMARY KEY (`id`),
  ADD KEY `product_variance_datas_variance_id_index` (`variance_id`),
  ADD KEY `product_variance_datas_id_index` (`id`),
  ADD KEY `product_variance_datas_product_id_index` (`product_id`);

--
-- Indexes for table `lsp_retail_pos_summaries`
--
ALTER TABLE `lsp_retail_pos_summaries`
  ADD PRIMARY KEY (`id`);

--
-- Indexes for table `lsp_retail_pos_summary_date_wises`
--
ALTER TABLE `lsp_retail_pos_summary_date_wises`
  ADD PRIMARY KEY (`id`);

--
-- Indexes for table `lsp_site_settings`
--
ALTER TABLE `lsp_site_settings`
  ADD PRIMARY KEY (`id`);

--
-- Indexes for table `lsp_tenders`
--
ALTER TABLE `lsp_tenders`
  ADD PRIMARY KEY (`id`);

--
-- Indexes for table `lsp_users`
--
ALTER TABLE `lsp_users`
  ADD PRIMARY KEY (`id`),
  ADD UNIQUE KEY `users_email_unique` (`email`);

--
-- Indexes for table `lsp_warranties`
--
ALTER TABLE `lsp_warranties`
  ADD PRIMARY KEY (`id`);

--
-- Indexes for table `lsp_warranty_products`
--
ALTER TABLE `lsp_warranty_products`
  ADD PRIMARY KEY (`id`);

--
-- AUTO_INCREMENT for dumped tables
--

--
-- AUTO_INCREMENT for table `lsp_activities`
--
ALTER TABLE `lsp_activities`
  MODIFY `id` int(10) UNSIGNED NOT NULL AUTO_INCREMENT;

--
-- AUTO_INCREMENT for table `lsp_customers`
--
ALTER TABLE `lsp_customers`
  MODIFY `id` int(10) UNSIGNED NOT NULL AUTO_INCREMENT, AUTO_INCREMENT=27;

--
-- AUTO_INCREMENT for table `lsp_invoices`
--
ALTER TABLE `lsp_invoices`
  MODIFY `id` int(10) UNSIGNED NOT NULL AUTO_INCREMENT, AUTO_INCREMENT=63;

--
-- AUTO_INCREMENT for table `lsp_invoice_payments`
--
ALTER TABLE `lsp_invoice_payments`
  MODIFY `id` int(10) UNSIGNED NOT NULL AUTO_INCREMENT, AUTO_INCREMENT=7;

--
-- AUTO_INCREMENT for table `lsp_invoice_products`
--
ALTER TABLE `lsp_invoice_products`
  MODIFY `id` int(10) UNSIGNED NOT NULL AUTO_INCREMENT, AUTO_INCREMENT=431;

--
-- AUTO_INCREMENT for table `lsp_invoice_profits`
--
ALTER TABLE `lsp_invoice_profits`
  MODIFY `id` int(10) UNSIGNED NOT NULL AUTO_INCREMENT;

--
-- AUTO_INCREMENT for table `lsp_migrations`
--
ALTER TABLE `lsp_migrations`
  MODIFY `id` int(10) UNSIGNED NOT NULL AUTO_INCREMENT, AUTO_INCREMENT=33;

--
-- AUTO_INCREMENT for table `lsp_pos_settings`
--
ALTER TABLE `lsp_pos_settings`
  MODIFY `id` int(10) UNSIGNED NOT NULL AUTO_INCREMENT, AUTO_INCREMENT=2;

--
-- AUTO_INCREMENT for table `lsp_products`
--
ALTER TABLE `lsp_products`
  MODIFY `id` int(10) UNSIGNED NOT NULL AUTO_INCREMENT, AUTO_INCREMENT=45;

--
-- AUTO_INCREMENT for table `lsp_product_profits`
--
ALTER TABLE `lsp_product_profits`
  MODIFY `id` int(10) UNSIGNED NOT NULL AUTO_INCREMENT;

--
-- AUTO_INCREMENT for table `lsp_product_stockins`
--
ALTER TABLE `lsp_product_stockins`
  MODIFY `id` int(10) UNSIGNED NOT NULL AUTO_INCREMENT, AUTO_INCREMENT=25;

--
-- AUTO_INCREMENT for table `lsp_product_stockin_invoices`
--
ALTER TABLE `lsp_product_stockin_invoices`
  MODIFY `id` int(10) UNSIGNED NOT NULL AUTO_INCREMENT, AUTO_INCREMENT=8;

--
-- AUTO_INCREMENT for table `lsp_product_variances`
--
ALTER TABLE `lsp_product_variances`
  MODIFY `id` int(10) UNSIGNED NOT NULL AUTO_INCREMENT, AUTO_INCREMENT=13;

--
-- AUTO_INCREMENT for table `lsp_product_variance_datas`
--
ALTER TABLE `lsp_product_variance_datas`
  MODIFY `id` int(10) UNSIGNED NOT NULL AUTO_INCREMENT, AUTO_INCREMENT=56;

--
-- AUTO_INCREMENT for table `lsp_retail_pos_summaries`
--
ALTER TABLE `lsp_retail_pos_summaries`
  MODIFY `id` int(10) UNSIGNED NOT NULL AUTO_INCREMENT, AUTO_INCREMENT=2;

--
-- AUTO_INCREMENT for table `lsp_retail_pos_summary_date_wises`
--
ALTER TABLE `lsp_retail_pos_summary_date_wises`
  MODIFY `id` int(10) UNSIGNED NOT NULL AUTO_INCREMENT, AUTO_INCREMENT=24;

--
-- AUTO_INCREMENT for table `lsp_site_settings`
--
ALTER TABLE `lsp_site_settings`
  MODIFY `id` int(10) UNSIGNED NOT NULL AUTO_INCREMENT, AUTO_INCREMENT=2;

--
-- AUTO_INCREMENT for table `lsp_tenders`
--
ALTER TABLE `lsp_tenders`
  MODIFY `id` int(10) UNSIGNED NOT NULL AUTO_INCREMENT, AUTO_INCREMENT=7;

--
-- AUTO_INCREMENT for table `lsp_users`
--
ALTER TABLE `lsp_users`
  MODIFY `id` int(10) UNSIGNED NOT NULL AUTO_INCREMENT, AUTO_INCREMENT=4;

--
-- AUTO_INCREMENT for table `lsp_warranties`
--
ALTER TABLE `lsp_warranties`
  MODIFY `id` int(10) UNSIGNED NOT NULL AUTO_INCREMENT, AUTO_INCREMENT=4;

--
-- AUTO_INCREMENT for table `lsp_warranty_products`
--
ALTER TABLE `lsp_warranty_products`
  MODIFY `id` int(10) UNSIGNED NOT NULL AUTO_INCREMENT, AUTO_INCREMENT=4;
COMMIT;

/*!40101 SET CHARACTER_SET_CLIENT=@OLD_CHARACTER_SET_CLIENT */;
/*!40101 SET CHARACTER_SET_RESULTS=@OLD_CHARACTER_SET_RESULTS */;
/*!40101 SET COLLATION_CONNECTION=@OLD_COLLATION_CONNECTION */;
